household_id,province_id,district_id,household_size,monthly_income_zar,is_urban
1,3,14,2,20293.18,1
2,7,33,4,4910.2,1
3,3,14,2,962.77,1
4,3,11,6,4367.92,1
5,7,31,1,5934.8,0
6,3,12,6,3404.24,1
7,9,43,3,5417.52,1
8,2,8,2,1501.63,0
9,4,18,4,4284.59,1
10,3,13,3,3250.17,0
11,9,44,4,6907.99,1
12,9,45,7,3298.98,1
13,7,32,2,4991.9,1
14,7,33,1,3639.68,1
15,4,18,6,4275.56,0
16,3,12,3,3200.3,1
17,9,43,6,21345.51,0
18,2,7,1,21685.99,0
19,1,3,4,1079.78,1
20,8,36,2,2459.5,0
21,6,28,4,10484.83,0
22,9,42,4,2792.86,1
23,4,19,3,11558.96,1
24,9,42,6,20417.91,0
25,7,32,4,7283.0,0
26,4,19,4,3857.41,0
27,4,19,3,9712.46,1
28,4,18,2,5260.14,0
29,9,45,4,1323.54,0
30,4,20,4,2219.45,0
31,5,24,5,557.39,1
32,5,25,3,9783.11,0
33,1,3,7,10616.0,1
34,2,6,4,3862.26,1
35,5,21,3,8124.69,1
36,2,10,1,9078.99,1
37,7,35,7,4727.41,1
38,1,1,1,1855.47,1
39,5,23,3,26340.13,0
40,9,42,3,4841.97,1
41,4,16,7,7317.06,0
42,3,11,4,6942.78,0
43,7,35,6,5745.18,0
44,3,14,1,4019.02,1
45,3,14,3,4194.72,1
46,5,22,5,936.18,0
47,5,24,4,7200.91,0
48,2,6,2,5717.11,1
49,6,30,6,3900.99,0
50,4,16,4,3172.84,0
51,6,29,2,3048.3,1
52,4,20,5,3773.68,1
53,3,12,1,2525.69,1
54,4,20,4,5846.98,0
55,4,19,6,5255.33,1
56,5,22,2,4154.6,1
57,4,18,1,9133.39,1
58,3,12,5,9619.46,0
59,3,13,1,6067.02,0
60,1,1,3,2644.68,1
61,2,6,2,6096.26,0
62,3,11,3,13567.18,0
63,3,14,1,14791.93,1
64,2,7,3,2330.89,0
65,2,9,3,3156.64,1
66,6,26,3,7505.6,0
67,1,1,3,18541.86,0
68,2,8,3,9219.69,0
69,8,36,5,2738.99,0
70,2,6,1,3399.56,1
71,5,24,3,8623.48,1
72,1,5,4,1864.03,1
73,8,37,3,5928.01,1
74,4,17,4,14697.66,1
75,3,13,4,4651.32,1
76,6,26,2,3264.74,1
77,8,36,3,5324.98,1
78,8,39,3,5872.95,1
79,7,34,2,8835.61,0
80,1,5,4,2159.64,1
81,5,25,4,12891.63,1
82,2,6,7,5810.76,1
83,4,20,7,6926.27,0
84,5,24,4,2233.87,1
85,5,21,3,5509.65,0
86,7,33,3,10643.71,1
87,6,27,4,16788.72,1
88,3,13,6,4170.61,1
89,4,18,7,5780.82,1
90,9,42,7,9398.45,0
91,6,28,2,6186.36,0
92,1,5,4,5812.88,1
93,8,36,1,12293.62,1
94,4,18,2,7602.47,0
95,7,33,5,10241.87,1
96,5,24,3,6417.99,0
97,3,15,1,14116.06,1
98,5,23,4,3481.56,1
99,7,33,6,3673.46,0
100,7,31,7,4551.96,0
101,4,17,3,6745.96,1
102,4,16,4,6042.83,0
103,2,8,2,15459.36,1
104,2,8,4,3910.59,0
105,5,25,3,4635.9,1
106,3,14,1,4676.7,1
107,7,33,5,8164.11,1
108,5,24,3,5852.42,0
109,4,19,2,17350.64,1
110,4,18,5,3367.83,1
111,6,30,3,4716.72,1
112,7,31,3,2101.87,1
113,8,37,3,3042.63,0
114,4,20,5,5535.05,0
115,3,14,3,12997.1,1
116,5,21,7,7609.47,0
117,4,16,6,3198.95,1
118,2,10,5,1742.62,1
119,5,23,5,25703.07,0
120,5,22,4,7680.85,0
121,5,23,2,1844.66,1
122,4,16,5,7540.98,0
123,5,23,2,8630.81,0
124,9,44,5,6688.25,0
125,1,4,3,2312.74,1
126,3,14,3,1767.73,1
127,1,4,1,5749.59,1
128,7,35,4,2823.68,1
129,4,19,4,8293.02,1
130,8,39,3,8670.99,1
131,2,8,3,1970.49,0
132,2,10,3,11785.76,1
133,3,12,1,5437.68,0
134,2,6,7,5409.24,1
135,1,3,2,13054.55,1
136,3,14,3,1205.3,1
137,2,10,6,4677.79,1
138,7,33,4,11579.29,0
139,5,23,4,3681.45,0
140,6,28,4,3637.88,0
141,9,44,7,920.89,0
142,9,41,5,7182.9,1
143,4,19,1,2021.36,0
144,3,13,5,1806.44,1
145,4,20,2,3603.11,0
146,3,15,1,18099.51,0
147,8,40,2,8741.64,1
148,4,18,7,1734.33,1
149,1,5,5,9626.51,1
150,3,14,3,10021.84,1
151,4,18,6,5472.41,1
152,5,23,3,9918.78,1
153,4,17,4,4126.0,1
154,6,28,4,4587.85,0
155,1,4,3,10180.26,0
156,7,31,4,3357.74,1
157,9,44,5,2355.84,0
158,1,1,1,2770.65,1
159,9,42,3,5958.71,0
160,7,31,2,8617.44,0
161,8,37,1,2223.48,1
162,8,40,3,5232.88,1
163,6,30,5,8861.11,1
164,5,24,4,2451.82,0
165,6,26,2,8525.89,0
166,2,6,3,2161.31,1
167,9,41,3,10891.52,0
168,5,21,6,6180.57,0
169,7,33,4,2120.98,0
170,4,19,3,9342.97,0
171,2,8,6,10136.27,1
172,7,31,4,4211.05,0
173,8,38,2,6041.25,0
174,1,2,4,8855.46,1
175,5,24,1,7377.39,0
176,3,12,2,2683.61,1
177,2,9,4,9796.06,1
178,4,16,4,3516.79,0
179,1,1,4,3843.09,0
180,6,26,1,6740.07,1
181,4,19,3,4616.27,0
182,7,35,6,6364.82,0
183,4,20,3,3854.06,0
184,2,9,7,6001.96,1
185,4,18,7,1296.92,1
186,1,5,5,9489.48,1
187,1,4,1,15874.32,1
188,5,22,2,2005.28,0
189,8,39,4,2477.49,0
190,9,45,2,4216.11,1
191,1,2,2,3740.66,1
192,4,16,5,3684.71,0
193,9,42,2,5571.46,0
194,8,40,4,4990.11,0
195,9,42,5,6496.17,0
196,2,10,5,13465.33,1
197,2,8,3,6108.79,1
198,8,36,5,21242.76,0
199,8,38,1,2469.72,1
200,5,21,2,7022.91,0
201,2,10,4,2579.06,0
202,7,34,1,1383.38,0
203,1,5,3,2819.55,1
204,8,36,5,4573.68,1
205,3,14,2,10777.16,0
206,6,27,5,3072.11,1
207,5,24,4,2208.72,1
208,3,15,3,24518.81,1
209,6,28,5,6492.99,1
210,7,31,2,7725.04,0
211,9,45,1,2259.26,0
212,2,6,4,2736.41,1
213,6,26,3,1569.52,0
214,8,38,4,2952.48,1
215,6,27,2,5521.31,1
216,9,43,5,3288.62,0
217,5,25,5,2115.16,1
218,9,45,6,8344.83,0
219,9,45,5,5181.04,1
220,8,38,5,7011.19,1
221,8,38,3,11057.75,1
222,2,9,4,4665.09,0
223,5,24,2,2828.87,1
224,6,26,3,9587.56,1
225,3,15,6,3861.07,0
226,7,34,3,3311.61,0
227,2,10,5,4256.1,1
228,6,29,7,4672.79,1
229,9,43,2,6290.94,0
230,3,12,4,4109.39,1
231,6,29,1,2696.48,0
232,8,38,4,2648.13,1
233,3,15,5,17682.95,1
234,5,22,1,928.22,1
235,9,42,3,7493.37,0
236,6,29,2,3964.86,1
237,2,8,2,5332.95,0
238,2,8,6,2099.19,1
239,2,10,5,5535.2,0
240,1,2,1,1332.69,1
241,5,25,5,3993.02,1
242,3,15,3,6612.01,1
243,9,42,6,2118.75,0
244,1,2,3,6295.19,1
245,8,40,3,3372.83,1
246,9,45,3,8072.38,1
247,6,27,5,12290.46,1
248,4,17,5,7222.68,1
249,2,6,3,2117.44,0
250,9,45,1,4803.49,0
251,3,15,5,6968.52,0
252,6,27,1,7540.03,0
253,3,13,3,5520.2,1
254,3,12,3,11775.12,1
255,8,38,2,3834.18,0
256,4,18,4,9583.97,1
257,9,45,1,4681.13,0
258,8,39,6,1617.16,1
259,8,38,4,2860.98,0
260,4,18,1,6696.21,0
261,4,20,4,5335.5,1
262,1,5,4,6498.54,0
263,5,25,4,5775.34,1
264,5,25,5,8987.01,0
265,7,34,4,2020.36,1
266,1,5,6,11831.47,0
267,8,36,5,1646.87,1
268,9,42,6,2257.65,1
269,9,43,7,5123.02,1
270,3,15,3,3973.62,1
271,4,18,7,8864.54,0
272,5,21,2,3632.97,0
273,2,9,4,6837.48,1
274,2,7,4,4061.74,0
275,8,40,3,8176.1,0
276,3,14,1,4609.34,1
277,1,3,2,1795.67,0
278,5,24,3,6778.7,1
279,6,27,2,14167.77,0
280,4,20,2,11443.35,0
281,5,24,2,4081.39,1
282,2,8,1,3235.82,1
283,3,12,1,2887.61,1
284,1,5,1,3506.51,0
285,6,26,5,6779.8,1
286,9,44,5,33294.41,0
287,3,12,4,9947.12,1
288,1,5,6,3603.84,1
289,6,30,1,16241.26,0
290,5,23,7,3196.13,0
291,3,12,2,6853.84,1
292,5,24,2,3932.34,0
293,2,8,5,2424.69,0
294,4,16,4,5395.53,1
295,3,14,2,12725.0,1
296,5,25,3,6040.41,1
297,6,30,5,9660.24,1
298,3,12,3,2985.45,1
299,3,15,4,3704.89,1
300,9,41,2,5674.17,1
301,9,44,7,19411.29,1
302,2,8,7,4297.0,1
303,5,24,1,10930.47,0
304,2,8,3,7852.52,1
305,4,18,3,2490.26,0
306,9,43,3,9332.81,0
307,9,43,2,11402.93,0
308,6,30,3,3241.98,1
309,6,30,4,2511.38,1
310,9,44,1,2665.11,1
311,8,39,2,8443.46,1
312,1,3,6,4306.24,1
313,2,8,5,6204.7,1
314,1,3,2,2102.39,1
315,5,25,6,3424.68,0
316,8,39,6,2081.25,0
317,9,41,2,6747.78,0
318,4,18,4,3504.27,0
319,2,9,5,2628.74,0
320,8,37,4,10520.29,0
321,8,40,1,10227.55,1
322,2,10,3,1979.68,0
323,3,12,5,12032.92,1
324,2,7,5,4150.95,1
325,9,44,2,5066.14,0
326,1,4,5,8667.67,1
327,8,37,1,974.32,1
328,4,20,3,4898.91,0
329,4,18,2,6150.56,1
330,9,44,2,9752.56,1
331,6,28,7,4998.19,0
332,9,43,2,1958.34,1
333,5,24,6,7092.49,0
334,6,30,2,2837.6,0
335,5,22,1,641.96,0
336,7,31,4,3205.53,0
337,5,22,3,10205.8,0
338,6,29,5,4850.23,0
339,6,30,2,7315.94,0
340,5,25,5,2756.64,1
341,7,35,3,5762.08,1
342,2,9,4,13773.77,1
343,6,29,5,5114.76,1
344,4,18,4,3516.83,1
345,1,5,2,13471.42,1
346,5,25,1,2003.9,0
347,2,10,3,3029.54,1
348,9,41,1,11412.51,1
349,7,32,2,3146.91,0
350,4,17,3,3148.93,1
351,2,10,4,7121.12,1
352,1,3,6,2714.41,1
353,4,18,5,3399.87,0
354,4,16,3,3846.33,0
355,1,4,7,3127.62,1
356,9,41,4,1582.18,1
357,3,14,4,5525.88,1
358,2,10,7,13463.64,1
359,2,6,3,2765.05,1
360,8,38,2,15975.89,1
361,9,42,4,947.87,0
362,8,36,3,1517.6,1
363,5,21,4,5849.9,1
364,5,25,1,6325.05,0
365,4,20,2,11209.86,1
366,6,26,3,3796.99,1
367,3,12,2,8379.09,1
368,6,29,4,2706.84,1
369,5,21,3,6089.92,1
370,3,12,6,4561.65,1
371,4,17,5,1977.24,0
372,2,10,4,2207.04,0
373,3,14,6,3225.79,1
374,7,32,5,6649.55,0
375,8,40,2,6415.63,0
376,7,33,3,4776.84,0
377,1,5,1,6237.69,1
378,6,26,5,3238.37,0
379,7,35,2,5800.1,1
380,9,41,2,4469.89,0
381,6,27,1,1399.09,0
382,7,32,4,4744.54,0
383,4,16,5,1959.78,0
384,3,12,5,3767.01,1
385,2,7,5,5831.69,1
386,7,33,4,3752.5,0
387,2,7,1,3538.01,1
388,7,33,3,5055.4,1
389,3,14,2,3616.71,1
390,4,17,3,12588.56,0
391,5,21,2,9282.2,0
392,3,13,2,5922.4,0
393,9,41,3,2967.47,1
394,4,16,6,14611.41,1
395,5,21,3,13089.61,1
396,1,3,4,2377.43,1
397,2,9,7,2246.31,1
398,2,8,1,2284.45,1
399,8,37,2,2270.79,0
400,1,5,6,3085.61,1
401,5,21,7,2007.97,1
402,1,4,3,8498.14,1
403,5,23,1,9344.27,0
404,5,21,2,4459.06,0
405,7,32,1,3719.95,0
406,3,12,2,1433.38,1
407,4,20,4,5548.34,0
408,6,27,5,2030.29,1
409,4,20,6,13295.7,1
410,2,6,1,7905.8,1
411,5,21,5,1440.51,1
412,4,16,5,8087.29,0
413,9,41,3,1702.88,1
414,8,37,6,11003.51,0
415,1,1,2,11008.04,0
416,6,29,3,8644.89,0
417,1,2,4,3066.8,1
418,5,21,1,7386.18,1
419,4,16,5,9216.96,1
420,9,41,1,13746.62,1
421,4,16,5,4470.13,0
422,8,39,1,2807.82,0
423,4,18,2,7032.2,0
424,4,16,4,6301.36,1
425,9,43,1,8276.29,1
426,7,34,2,10253.68,1
427,9,42,2,7631.69,0
428,3,12,3,5874.97,1
429,9,43,3,19049.11,0
430,5,24,3,2169.69,1
431,7,34,6,18095.38,1
432,2,10,5,2115.14,1
433,9,44,2,5077.23,1
434,4,20,2,13329.81,1
435,7,35,3,3485.69,0
436,2,10,2,4143.7,0
437,1,3,5,5956.48,1
438,5,24,4,10924.35,0
439,8,39,4,11011.04,1
440,7,33,2,4502.29,0
441,1,1,6,3251.25,1
442,9,43,1,10903.83,0
443,9,43,4,6655.46,0
444,6,28,6,2939.43,1
445,5,25,6,2805.79,1
446,4,19,5,2671.56,1
447,3,11,6,4493.69,0
448,7,33,1,2045.61,0
449,1,1,1,7629.44,0
450,1,5,1,3221.84,0
451,7,32,3,5494.89,0
452,1,5,6,1688.45,1
453,9,45,1,5421.05,1
454,1,2,2,5854.9,1
455,3,15,3,3559.13,1
456,8,36,3,3654.71,1
457,1,1,4,7288.65,1
458,6,27,7,3075.62,1
459,3,11,3,1364.61,1
460,9,45,5,2704.79,1
461,8,37,4,2504.53,0
462,5,21,4,12963.74,1
463,3,12,3,10153.28,0
464,4,16,5,3919.08,0
465,4,20,3,2026.62,1
466,2,9,1,17768.62,1
467,3,12,5,8626.21,0
468,7,32,2,8954.83,1
469,8,38,2,5807.61,0
470,3,15,6,6763.4,1
471,7,35,6,3888.33,0
472,7,34,2,5964.42,1
473,3,14,3,4577.45,0
474,5,25,2,8283.85,0
475,4,17,5,12991.28,1
476,4,18,2,1999.47,0
477,2,7,6,3543.07,1
478,5,22,4,9349.93,0
479,1,2,5,7920.57,1
480,8,37,5,5097.08,1
481,6,29,2,2534.24,1
482,6,28,3,7210.59,0
483,7,31,2,5718.15,0
484,6,29,7,1679.55,0
485,7,33,2,10344.31,0
486,6,29,7,1291.88,0
487,3,13,3,16462.83,1
488,2,9,1,5515.4,1
489,3,11,3,3933.93,1
490,7,35,4,19921.56,0
491,2,8,4,13066.46,1
492,7,33,3,8133.01,0
493,4,19,3,5768.61,1
494,4,16,6,998.54,0
495,6,30,3,5050.09,1
496,2,6,6,3732.8,1
497,7,34,2,3018.31,1
498,4,16,3,4196.76,1
499,5,23,3,16585.76,1
500,3,13,4,8129.68,1
501,4,17,4,4408.32,1
502,8,39,3,9892.73,1
503,5,21,3,4223.43,0
504,9,42,4,3581.06,1
505,8,37,2,8456.89,1
506,6,26,1,6068.99,0
507,7,33,5,3758.22,0
508,6,29,2,6969.14,1
509,1,2,1,6389.72,1
510,9,42,7,8736.89,1
511,4,19,5,5475.22,1
512,3,13,3,4008.1,0
513,6,29,4,9546.28,1
514,3,14,7,2990.26,1
515,9,42,3,11993.66,0
516,8,37,4,5493.41,1
517,9,41,7,16144.12,1
518,5,22,4,4792.38,1
519,6,29,5,3897.16,0
520,9,41,6,39888.3,0
521,9,44,1,4940.64,1
522,7,32,6,4249.36,1
523,4,16,2,7215.39,0
524,2,7,3,21896.64,1
525,7,33,5,1889.85,0
526,8,37,3,3229.41,0
527,6,28,4,18962.2,0
528,1,3,4,2918.23,0
529,8,40,4,6536.13,1
530,9,45,4,7623.59,1
531,3,13,2,5352.59,0
532,6,27,6,9597.04,1
533,5,25,3,7470.79,0
534,3,14,4,3635.71,0
535,5,21,3,7590.95,0
536,1,2,2,2227.81,0
537,5,25,3,2603.65,1
538,1,2,1,1811.77,1
539,7,34,6,1783.15,0
540,6,29,3,3156.33,1
541,9,44,4,8378.54,0
542,8,37,3,5270.48,0
543,4,20,1,2007.93,1
544,8,37,2,4320.58,0
545,8,38,4,928.1,1
546,5,23,4,2202.57,1
547,5,24,2,9449.01,0
548,8,38,3,2923.15,1
549,1,1,3,4425.7,0
550,8,37,3,8524.47,0
551,8,39,4,10468.36,0
552,8,37,5,1943.18,1
553,9,45,5,3510.67,0
554,6,28,7,15516.36,0
555,1,3,7,2394.31,1
556,3,12,3,25044.57,0
557,6,29,4,12807.27,1
558,8,36,5,4498.7,1
559,7,32,2,8630.76,1
560,8,37,4,2528.69,1
561,5,22,5,5581.78,0
562,7,31,4,910.87,1
563,5,22,1,3639.05,0
564,7,31,5,2780.99,0
565,6,30,4,3054.18,1
566,2,8,1,3780.75,0
567,9,42,4,9541.95,0
568,9,43,5,4010.12,0
569,7,33,4,4722.79,0
570,5,25,1,5679.61,0
571,3,14,2,13285.86,1
572,7,35,3,15081.05,0
573,3,11,5,11226.88,0
574,8,39,2,23089.04,0
575,6,29,6,7972.83,0
576,4,18,5,2105.87,1
577,7,33,6,9608.39,0
578,2,6,3,12173.64,0
579,2,7,3,6742.15,0
580,7,31,4,2402.41,1
581,1,4,5,3045.55,1
582,5,22,4,8876.92,1
583,4,19,1,4930.83,0
584,5,25,6,7388.97,0
585,2,7,2,4090.37,0
586,5,25,2,12311.36,1
587,3,14,3,6403.07,0
588,9,43,3,3393.24,0
589,7,31,1,14408.59,0
590,8,38,3,4238.5,0
591,7,35,4,5601.24,0
592,7,32,1,5881.49,1
593,1,4,4,8885.36,1
594,1,3,4,3856.87,1
595,6,26,3,1682.82,0
596,1,5,1,2330.35,1
597,6,30,4,8975.74,0
598,1,1,3,2568.4,0
599,2,7,7,11862.75,0
600,3,15,7,2272.15,0
601,2,9,4,4545.31,1
602,4,18,3,1716.93,0
603,5,21,7,1487.77,1
604,6,27,1,14979.31,0
605,2,10,1,1412.26,0
606,9,44,3,2763.6,1
607,8,40,4,6104.86,1
608,2,6,5,36001.54,0
609,1,3,7,2475.13,1
610,5,23,3,11890.66,1
611,5,24,5,2190.65,0
612,1,2,1,6294.81,1
613,4,20,1,3422.52,0
614,1,3,2,4017.33,0
615,3,12,1,3241.95,1
616,7,34,1,7948.79,0
617,8,37,2,5907.1,0
618,1,3,1,3495.42,0
619,1,3,5,4239.24,0
620,5,25,5,16569.0,1
621,5,21,5,2631.71,0
622,1,4,2,2254.24,0
623,2,9,1,3369.37,1
624,9,43,2,2078.18,1
625,2,8,5,7169.29,0
626,5,25,2,4001.92,0
627,9,45,4,4861.88,1
628,2,8,3,2043.45,0
629,4,16,3,3909.5,0
630,7,32,3,20238.21,0
631,2,7,3,1728.55,1
632,2,6,5,9846.94,1
633,7,34,2,9004.27,1
634,9,42,4,2349.83,1
635,7,33,4,3810.5,1
636,9,42,3,10002.97,1
637,5,21,7,25278.68,1
638,7,31,3,3745.39,0
639,9,44,2,3722.26,0
640,8,37,5,5698.81,1
641,9,45,4,9866.66,1
642,9,42,2,8557.95,0
643,3,15,2,2525.18,0
644,5,21,2,3976.64,1
645,7,35,2,4643.47,0
646,8,40,6,2364.48,0
647,3,14,1,8106.42,1
648,4,17,4,5979.89,1
649,8,40,4,1344.48,0
650,7,33,4,30582.77,1
651,5,23,3,3907.17,1
652,2,10,7,6652.91,0
653,9,45,4,15984.25,1
654,1,2,6,4646.78,1
655,8,40,1,5197.19,0
656,9,45,5,6796.82,0
657,4,20,2,13353.74,0
658,5,24,3,4968.6,1
659,9,44,3,9568.88,0
660,7,32,3,22537.59,0
661,7,34,2,6206.53,0
662,5,21,6,4640.74,0
663,9,43,3,3162.54,1
664,1,3,2,7214.84,1
665,1,4,3,3895.71,1
666,2,6,6,15797.34,1
667,2,7,6,10928.46,0
668,9,45,4,2951.81,1
669,4,18,1,4059.36,1
670,7,31,6,4054.76,1
671,9,41,4,3708.95,1
672,2,7,5,9566.76,0
673,4,16,5,8040.76,0
674,3,11,5,10707.93,0
675,5,22,2,2019.36,0
676,3,11,5,4265.49,1
677,2,9,5,12704.76,0
678,6,29,3,3964.71,1
679,1,2,5,12205.98,1
680,5,21,1,2278.15,0
681,5,23,2,21571.28,0
682,2,10,1,13325.97,1
683,8,39,7,10389.75,0
684,1,2,3,3217.68,1
685,4,19,1,2241.73,1
686,4,19,2,7543.5,1
687,6,27,6,6757.69,1
688,4,16,4,3112.97,0
689,9,45,4,6281.31,1
690,6,27,1,7724.02,1
691,3,14,4,22495.81,1
692,1,2,2,1440.99,1
693,4,19,3,2663.12,0
694,6,27,2,2651.17,0
695,5,24,1,2204.64,1
696,9,45,1,2799.54,0
697,7,35,2,3884.7,1
698,5,21,5,6511.83,0
699,6,27,7,2880.34,1
700,9,42,6,12731.04,0
701,1,2,6,4344.83,1
702,3,15,2,7549.72,1
703,2,10,4,21113.2,0
704,3,12,4,8176.41,0
705,9,42,4,3969.34,0
706,4,18,5,3992.63,1
707,4,18,1,4087.8,1
708,9,44,1,1562.04,0
709,8,36,6,1019.06,0
710,5,22,4,3617.74,0
711,7,34,2,5307.11,0
712,2,7,5,12177.74,0
713,8,39,5,9265.32,0
714,3,15,3,14408.95,1
715,8,36,3,2612.28,0
716,5,23,2,2741.3,1
717,1,3,6,1706.64,0
718,6,28,3,3926.53,0
719,3,11,7,884.77,1
720,5,22,3,5094.47,0
721,1,3,4,4145.06,0
722,6,28,2,9552.1,0
723,3,15,4,4709.62,1
724,2,9,6,3662.73,1
725,6,28,3,11188.02,0
726,2,8,5,5437.78,1
727,5,21,6,3803.16,0
728,5,22,2,2913.51,1
729,4,17,1,7074.92,0
730,7,34,6,1926.23,1
731,2,7,4,3018.09,1
732,8,37,3,1948.79,0
733,7,34,4,11262.09,0
734,8,36,3,7480.65,0
735,5,25,4,9862.24,0
736,3,11,6,1006.2,1
737,7,35,3,7180.29,0
738,5,24,2,17884.51,0
739,4,17,4,5196.68,1
740,2,7,2,8639.67,1
741,8,36,5,16410.62,1
742,3,12,5,3835.69,0
743,6,26,2,1748.25,1
744,2,7,2,9491.09,1
745,5,21,5,4703.63,1
746,7,35,3,2470.53,0
747,4,17,4,3527.76,1
748,6,26,3,16718.68,0
749,2,6,6,6367.46,1
750,2,10,5,7543.11,1
751,8,38,4,2539.64,1
752,4,16,2,2264.37,1
753,6,28,1,12744.6,0
754,3,14,4,6841.75,0
755,8,40,4,11221.29,0
756,9,45,4,3933.7,0
757,4,16,2,8634.58,0
758,5,24,2,5727.08,0
759,1,5,5,1580.26,1
760,3,12,4,6466.43,0
761,8,36,4,6842.89,1
762,4,16,4,8996.43,1
763,9,44,5,873.26,0
764,5,22,4,3177.86,0
765,4,20,4,6062.74,0
766,5,24,4,9179.94,1
767,1,1,6,3079.64,1
768,6,27,7,5891.03,1
769,3,14,4,6272.02,1
770,8,38,7,3899.36,0
771,1,5,2,2104.09,1
772,8,37,5,3482.91,0
773,1,1,5,11876.22,0
774,2,7,3,2380.83,1
775,7,34,3,1573.68,0
776,3,15,3,2704.06,1
777,1,4,5,7443.56,1
778,7,33,5,4801.35,0
779,4,19,6,1742.47,1
780,2,9,2,4968.39,0
781,9,42,4,3650.75,1
782,4,17,4,4219.96,1
783,3,14,4,3138.01,1
784,7,35,4,4097.01,1
785,3,11,5,6292.86,1
786,7,32,5,3838.0,0
787,5,24,3,1875.34,1
788,3,14,4,4611.09,1
789,2,8,7,1450.43,1
790,8,38,5,1170.9,0
791,5,24,5,8201.73,0
792,9,41,1,6594.82,0
793,8,38,2,3014.9,1
794,2,10,6,6795.76,1
795,9,45,5,9651.52,1
796,6,26,5,8603.31,0
797,6,27,3,2913.53,1
798,1,5,5,4735.5,1
799,3,12,3,17007.32,1
800,6,27,3,8531.22,0
801,4,20,6,5018.15,1
802,1,1,6,3079.7,1
803,4,16,2,7128.25,1
804,9,45,6,6392.38,0
805,3,13,5,4129.48,1
806,4,20,2,6347.44,1
807,1,4,6,8929.84,0
808,6,26,2,2474.12,0
809,2,7,2,6566.73,1
810,4,16,3,13233.82,1
811,8,40,2,4906.72,1
812,8,39,2,2475.88,0
813,7,32,3,5176.37,1
814,6,29,5,3796.78,1
815,1,2,2,2863.06,1
816,3,12,2,6478.67,0
817,9,41,4,1955.89,0
818,4,17,4,4525.3,0
819,3,13,3,15920.51,1
820,3,11,5,6412.76,1
821,3,14,1,2552.0,0
822,2,9,6,9987.62,1
823,9,44,4,7300.91,0
824,9,44,1,4150.64,0
825,6,26,5,7424.05,0
826,7,34,4,6042.56,0
827,9,43,4,2523.44,1
828,5,21,7,13759.04,0
829,7,31,4,2374.34,0
830,7,33,2,1197.31,0
831,7,34,1,6248.19,0
832,6,28,2,4919.59,1
833,1,3,1,1854.44,0
834,1,5,1,2449.94,0
835,4,19,6,8777.74,1
836,2,10,4,2742.13,1
837,7,35,1,26492.61,0
838,4,17,2,5056.66,1
839,3,12,3,3562.01,1
840,2,6,6,9289.52,1
841,6,27,5,1548.46,0
842,6,29,1,3290.25,1
843,5,21,2,8066.71,0
844,7,32,6,5050.54,0
845,5,25,1,1008.74,1
846,6,29,2,8390.56,0
847,3,14,1,9843.53,0
848,1,1,4,9175.49,1
849,9,45,4,10305.81,0
850,1,3,3,10476.32,0
851,1,5,4,2890.95,1
852,2,7,4,2622.66,1
853,9,41,5,8572.89,0
854,3,13,2,3443.67,1
855,9,41,6,2333.47,1
856,9,44,3,5613.5,1
857,9,41,4,3262.62,1
858,3,11,4,3342.11,1
859,4,19,2,6257.04,0
860,9,45,2,5089.4,1
861,4,16,3,2861.99,0
862,6,26,7,13208.61,0
863,6,30,6,5447.5,1
864,9,44,5,2841.81,1
865,9,41,2,17130.5,1
866,8,37,1,4217.0,1
867,9,42,2,22936.0,1
868,2,8,2,6043.5,0
869,4,20,4,5699.83,1
870,3,11,7,7680.59,1
871,3,13,5,2249.12,0
872,9,42,7,7095.69,0
873,9,41,5,16233.71,1
874,3,12,3,3803.55,1
875,7,31,3,2683.63,0
876,2,6,5,8530.13,1
877,9,45,4,11982.18,1
878,7,33,5,3994.07,1
879,2,7,1,2167.54,1
880,1,5,5,5971.33,0
881,9,42,2,6761.41,0
882,7,35,2,9607.54,0
883,4,20,7,2008.28,0
884,2,10,3,7440.45,1
885,4,19,7,8439.59,1
886,3,12,4,12057.23,0
887,3,11,6,14995.83,0
888,2,9,5,5688.5,0
889,9,43,5,2331.77,0
890,5,21,3,46173.53,0
891,3,11,3,1718.16,1
892,5,21,6,2549.33,1
893,6,27,2,12013.6,0
894,8,39,2,10419.24,1
895,1,2,3,6341.29,1
896,5,25,3,3548.53,1
897,2,10,4,960.49,1
898,9,45,3,6497.65,1
899,8,36,5,5038.27,1
900,2,9,4,6960.42,1
901,6,27,3,4668.6,1
902,7,34,1,8559.84,0
903,1,1,6,6541.2,1
904,3,14,7,4681.2,1
905,6,29,4,1824.94,1
906,8,38,5,1656.66,0
907,8,40,4,4777.37,0
908,4,18,3,2589.44,1
909,1,5,3,6121.97,1
910,8,39,4,1580.16,1
911,6,26,1,7776.15,0
912,1,5,7,6964.22,1
913,6,27,4,3010.8,0
914,2,7,3,10287.59,0
915,4,17,4,2628.95,1
916,9,42,5,2900.82,1
917,3,11,4,3758.97,0
918,1,3,3,6246.57,0
919,6,26,4,576.69,1
920,8,36,2,7162.92,1
921,7,35,2,5080.88,1
922,3,11,1,1787.32,0
923,9,44,6,1062.87,1
924,2,7,3,5862.68,1
925,4,17,1,7336.72,1
926,3,13,4,3867.16,1
927,4,18,3,5392.39,0
928,9,43,5,1609.08,0
929,8,37,1,3465.16,0
930,9,45,4,6755.97,0
931,8,36,4,13979.11,0
932,1,1,4,6617.12,0
933,1,2,2,4884.05,1
934,3,14,3,10645.88,0
935,9,45,3,5779.68,1
936,3,15,2,11036.59,0
937,1,4,2,2720.49,0
938,2,9,4,9846.51,0
939,8,38,1,2634.7,1
940,9,45,3,1615.16,0
941,4,20,6,3543.22,0
942,7,35,3,1821.48,0
943,7,34,3,9385.48,0
944,8,37,3,5906.24,1
945,8,40,3,2948.76,0
946,8,39,6,1383.36,0
947,9,44,5,11177.98,0
948,4,20,6,8401.84,1
949,3,15,3,6119.29,1
950,9,45,4,7593.55,1
951,9,45,1,13055.52,0
952,5,23,6,2374.15,1
953,3,11,4,6791.15,0
954,8,38,1,5012.7,1
955,3,13,4,5025.14,0
956,3,12,2,4292.66,1
957,9,42,3,6171.07,1
958,6,30,5,14898.33,0
959,5,25,6,990.6,0
960,8,39,3,6579.71,1
961,4,16,4,6251.3,0
962,3,13,3,3797.66,1
963,4,19,2,6679.56,1
964,6,29,4,5199.56,0
965,9,43,4,2692.03,1
966,7,33,4,6806.32,0
967,4,20,5,5889.01,1
968,1,1,4,4988.19,0
969,6,29,6,2362.93,1
970,8,39,5,6289.97,0
971,7,31,1,3942.87,1
972,3,11,3,3923.93,1
973,2,9,6,1480.12,1
974,7,31,5,3461.6,0
975,5,23,2,8411.48,1
976,6,27,1,6915.81,0
977,3,11,3,4569.81,1
978,1,2,5,4415.37,1
979,3,14,5,3739.8,0
980,7,35,3,3432.43,0
981,3,13,2,8991.56,0
982,1,5,4,3184.43,1
983,5,21,5,4119.88,0
984,4,17,1,1477.64,1
985,2,8,4,4216.19,1
986,5,23,1,985.58,1
987,3,13,3,2804.07,1
988,2,9,2,3241.06,0
989,9,45,6,2910.01,0
990,7,33,1,4459.36,1
991,7,35,4,20672.62,1
992,3,14,5,3120.49,1
993,3,14,5,5564.41,1
994,5,21,6,3171.34,1
995,1,4,2,8151.12,1
996,5,24,1,7910.96,1
997,5,22,1,2995.11,1
998,3,14,1,6435.92,1
999,9,43,4,1685.61,0
1000,6,27,2,4627.68,1
1001,2,10,3,2151.09,1
1002,8,40,4,17211.37,1
1003,7,33,3,732.25,0
1004,1,2,3,4154.98,1
1005,6,28,3,10024.73,0
1006,8,39,7,3969.68,1
1007,1,1,4,2962.56,0
1008,8,38,5,9346.91,0
1009,7,31,1,7214.07,0
1010,7,35,4,2653.45,1
1011,3,11,1,15592.96,1
1012,3,13,5,4565.43,0
1013,2,6,1,23627.07,0
1014,5,22,2,4392.44,1
1015,6,28,7,4095.14,0
1016,5,24,3,3906.3,0
1017,9,43,5,4284.31,0
1018,3,11,5,19353.91,1
1019,2,6,2,5260.95,1
1020,3,11,4,8007.01,1
1021,3,12,3,2561.4,0
1022,1,1,2,1292.38,1
1023,8,40,3,816.98,1
1024,1,2,3,2915.98,1
1025,9,44,5,7813.88,1
1026,9,43,4,3356.64,0
1027,1,1,1,11242.84,1
1028,6,30,2,7510.68,0
1029,4,17,5,6686.53,0
1030,7,35,4,8027.06,1
1031,4,20,2,9285.78,1
1032,1,3,4,2507.82,1
1033,3,14,2,14575.48,1
1034,4,17,6,5292.81,0
1035,7,33,3,6361.21,1
1036,1,3,4,7105.34,1
1037,7,34,1,20138.97,0
1038,8,39,2,5807.6,0
1039,5,25,2,3736.51,1
1040,5,23,4,11712.76,0
1041,3,13,4,3093.77,1
1042,3,15,2,10482.23,1
1043,8,40,6,3663.6,1
1044,7,32,5,5628.22,0
1045,8,39,2,8196.75,0
1046,7,35,1,1540.98,0
1047,3,13,3,8709.55,1
1048,1,2,3,3428.22,1
1049,5,22,4,1330.26,0
1050,4,18,4,3251.36,1
1051,3,12,3,9888.8,1
1052,1,2,4,7554.36,1
1053,5,22,4,4376.98,1
1054,4,17,4,2935.44,1
1055,6,28,2,3529.38,1
1056,8,40,3,7509.79,1
1057,6,28,1,2416.16,0
1058,2,6,3,13625.09,1
1059,2,6,3,2787.74,0
1060,1,3,4,7049.44,1
1061,3,11,3,2188.98,0
1062,9,42,7,3066.75,0
1063,2,9,4,7160.23,0
1064,9,41,3,2881.58,0
1065,5,21,6,3620.96,0
1066,6,30,2,10962.36,1
1067,9,44,6,1844.12,1
1068,2,7,3,14439.03,1
1069,8,36,5,5853.21,0
1070,5,22,6,6708.8,0
1071,2,6,4,7439.88,1
1072,4,17,1,7001.09,1
1073,9,42,5,7013.22,1
1074,3,11,2,4373.69,1
1075,3,14,4,2730.97,1
1076,2,8,4,14470.44,1
1077,9,45,2,2537.8,0
1078,6,29,6,4949.43,0
1079,2,9,2,2906.28,0
1080,6,28,4,3479.69,1
1081,4,18,4,9180.98,1
1082,3,13,5,3025.91,0
1083,6,27,5,7732.06,0
1084,7,31,5,5229.32,1
1085,8,36,5,6141.61,1
1086,9,42,1,2941.37,0
1087,9,41,5,4536.13,1
1088,7,33,2,4420.8,1
1089,9,45,4,3069.12,0
1090,3,12,4,15288.82,0
1091,3,15,7,10573.38,1
1092,1,4,6,1953.1,1
1093,3,13,1,1497.68,1
1094,3,12,3,4037.7,1
1095,3,15,5,3929.46,1
1096,4,18,2,1986.13,0
1097,5,24,5,7178.17,1
1098,1,3,6,5040.45,0
1099,1,5,4,10137.62,1
1100,1,1,4,3920.68,0
1101,3,13,2,2373.88,1
1102,8,39,4,8549.52,0
1103,1,1,4,6653.03,1
1104,8,39,1,7409.57,0
1105,8,40,4,15272.85,0
1106,2,7,2,2897.01,0
1107,7,34,6,7317.51,0
1108,8,36,5,3659.75,1
1109,8,36,3,9712.96,1
1110,7,35,1,1889.21,1
1111,3,14,4,4065.5,1
1112,9,44,2,5047.7,0
1113,4,20,3,11408.75,1
1114,2,6,3,7658.21,1
1115,7,35,1,6007.02,0
1116,9,42,3,12159.0,1
1117,8,40,3,6395.07,0
1118,3,11,6,2479.8,1
1119,8,37,2,13778.02,0
1120,4,18,2,6282.81,1
1121,5,22,4,2655.5,0
1122,7,33,5,3011.41,1
1123,3,11,3,9770.17,1
1124,5,24,1,4354.07,0
1125,2,10,2,2486.18,1
1126,2,7,6,3468.56,1
1127,5,24,7,6036.38,0
1128,7,32,6,1889.18,0
1129,6,28,5,6081.93,1
1130,9,41,4,4336.29,1
1131,7,32,2,4645.65,0
1132,5,21,2,4189.11,1
1133,9,45,4,3840.2,1
1134,2,10,5,23075.36,1
1135,2,7,4,1984.9,1
1136,1,3,5,5598.6,1
1137,2,10,2,8489.58,0
1138,6,28,6,3849.06,1
1139,9,42,2,4797.77,1
1140,8,40,4,3703.59,1
1141,2,9,5,3702.61,0
1142,1,2,4,7505.73,1
1143,6,26,6,3812.51,0
1144,5,22,1,3041.68,1
1145,5,21,1,2693.85,0
1146,3,15,4,21210.29,0
1147,6,29,4,4567.64,1
1148,2,7,3,10815.27,0
1149,5,22,5,8979.09,0
1150,2,10,2,5425.72,1
1151,1,1,1,7099.96,0
1152,1,5,2,2195.07,1
1153,7,32,3,24816.23,1
1154,5,23,4,3111.7,1
1155,9,41,4,4541.88,0
1156,5,24,4,3416.18,1
1157,4,19,4,9226.46,1
1158,4,20,2,5609.66,1
1159,2,7,3,6988.37,0
1160,7,35,3,4784.65,0
1161,6,26,5,6341.17,0
1162,8,39,6,24455.4,1
1163,7,31,4,3515.59,1
1164,9,45,1,5374.63,0
1165,3,13,1,4482.99,1
1166,4,17,5,2524.1,0
1167,1,1,4,4450.63,1
1168,5,22,3,6088.5,1
1169,8,37,3,2799.88,0
1170,1,5,4,6486.07,1
1171,5,22,5,2928.19,1
1172,8,37,5,2318.16,1
1173,1,5,3,2394.32,1
1174,5,23,4,6523.11,0
1175,8,37,3,5629.49,0
1176,5,25,3,3881.98,0
1177,8,36,3,7166.77,1
1178,3,15,6,6032.52,0
1179,7,35,1,2229.72,1
1180,6,28,1,15139.73,1
1181,4,16,5,1573.64,0
1182,7,33,1,3540.45,1
1183,1,4,4,5517.61,1
1184,3,13,4,1830.85,1
1185,8,36,2,8270.19,0
1186,6,26,2,11258.67,0
1187,5,22,3,8422.23,0
1188,6,29,2,3535.82,0
1189,4,19,3,7626.29,0
1190,9,44,5,1157.56,1
1191,3,11,3,3916.69,1
1192,4,16,1,9448.46,1
1193,2,9,1,5566.59,1
1194,3,12,4,5843.85,0
1195,1,2,2,7158.01,1
1196,6,28,4,6400.05,1
1197,2,6,2,2816.71,1
1198,3,14,2,1495.47,0
1199,1,3,5,3940.57,1
1200,3,11,1,2269.38,1
1201,3,15,4,5143.57,1
1202,9,43,1,4384.53,0
1203,2,7,5,10630.48,1
1204,2,10,6,6191.35,1
1205,4,20,4,5119.25,0
1206,1,4,3,2964.71,1
1207,1,1,2,3438.08,1
1208,4,19,4,6411.23,0
1209,4,18,5,3682.75,1
1210,9,43,3,8786.51,1
1211,8,36,6,3457.81,0
1212,8,37,5,14891.88,0
1213,5,22,2,2793.5,1
1214,7,33,1,4663.41,1
1215,7,31,4,6128.12,0
1216,4,16,5,1071.47,1
1217,5,24,3,2893.0,1
1218,2,10,2,7980.19,1
1219,7,33,2,4128.06,1
1220,3,14,3,10779.15,1
1221,2,9,1,5932.08,0
1222,4,20,5,3599.4,1
1223,5,21,5,2113.4,1
1224,1,1,3,6050.75,1
1225,6,27,4,3356.94,1
1226,8,37,3,4003.61,0
1227,2,7,2,5240.6,1
1228,8,38,3,10380.83,1
1229,4,19,3,3707.43,1
1230,1,3,2,4466.21,1
1231,5,23,3,5361.06,1
1232,9,42,3,3631.38,1
1233,3,15,4,4946.85,1
1234,7,31,3,2475.82,0
1235,5,24,2,3968.6,0
1236,7,34,5,7693.86,1
1237,4,20,7,2940.58,1
1238,7,31,2,6539.36,1
1239,7,31,5,9839.21,1
1240,5,25,1,17932.93,1
1241,3,14,3,3540.73,0
1242,2,9,1,6261.49,1
1243,9,41,3,8782.86,0
1244,9,43,1,1584.1,0
1245,1,4,2,5425.67,1
1246,2,10,6,5140.5,0
1247,2,6,2,3661.14,1
1248,5,21,7,1526.28,1
1249,4,16,6,8389.6,1
1250,6,30,5,2414.52,0
1251,1,3,5,5947.13,0
1252,4,19,1,3844.66,1
1253,4,16,2,4982.5,0
1254,9,44,7,4750.21,0
1255,4,19,3,5592.48,0
1256,9,44,3,2224.93,0
1257,1,3,5,3657.83,0
1258,9,41,3,5488.78,1
1259,6,27,5,4858.16,1
1260,5,21,3,1488.97,0
1261,8,37,1,3289.94,1
1262,4,17,3,4306.94,1
1263,1,5,3,2621.7,0
1264,4,17,1,3400.7,0
1265,7,34,3,4602.28,0
1266,4,20,1,10121.83,0
1267,5,24,6,7475.58,0
1268,4,16,4,5483.85,0
1269,9,43,4,1436.73,0
1270,2,7,5,6011.44,0
1271,9,43,5,7544.2,0
1272,4,16,3,30010.15,0
1273,3,12,7,4387.87,1
1274,8,40,3,10263.24,0
1275,5,21,7,3925.05,1
1276,8,39,1,2259.0,0
1277,6,28,1,3876.12,0
1278,6,29,1,7407.08,0
1279,1,3,5,4151.7,1
1280,9,44,4,5643.7,1
1281,7,35,4,4593.19,1
1282,8,40,4,2593.46,0
1283,6,28,2,2908.05,0
1284,7,32,7,4115.46,0
1285,6,26,3,9429.35,1
1286,8,36,3,7320.6,1
1287,7,35,6,3312.76,1
1288,3,12,1,4751.6,1
1289,2,7,6,9106.62,1
1290,1,3,4,13383.91,1
1291,7,35,3,31848.24,0
1292,6,27,2,5396.31,1
1293,3,13,5,11056.72,1
1294,5,23,3,6837.7,0
1295,5,21,3,9829.81,1
1296,6,28,4,3473.21,1
1297,8,38,5,5062.63,1
1298,9,42,4,5950.17,1
1299,1,5,5,4038.49,1
1300,9,43,3,4079.52,0
1301,7,33,5,9265.05,0
1302,4,17,5,13988.52,1
1303,5,21,3,2112.02,0
1304,9,44,5,15816.06,0
1305,7,35,4,4414.53,0
1306,8,38,2,2997.5,0
1307,8,38,5,10436.63,0
1308,2,6,3,6494.63,1
1309,8,36,3,8969.92,1
1310,1,1,5,6888.28,0
1311,2,9,5,4074.1,1
1312,2,7,1,2630.77,0
1313,2,10,1,2931.53,1
1314,4,18,4,9253.52,0
1315,1,1,1,4780.65,1
1316,3,13,6,1174.23,0
1317,3,13,7,7742.63,1
1318,1,4,3,2998.84,0
1319,2,6,1,3571.0,1
1320,2,10,4,2293.03,1
1321,2,10,5,4344.73,1
1322,4,17,3,2908.6,0
1323,4,20,3,2787.45,1
1324,2,7,3,1951.83,1
1325,7,31,5,6062.2,0
1326,2,7,5,7343.29,1
1327,6,27,5,6556.42,0
1328,6,27,5,11929.35,0
1329,9,41,3,2934.38,1
1330,3,15,2,4576.6,0
1331,3,12,4,5651.18,0
1332,6,26,4,12010.59,0
1333,4,20,6,5118.78,1
1334,9,43,5,6870.46,0
1335,8,36,1,5953.48,0
1336,4,17,5,3344.29,0
1337,3,11,2,8144.04,1
1338,7,33,4,2208.12,0
1339,4,19,4,2587.36,0
1340,2,9,4,3954.51,0
1341,9,43,6,9323.3,1
1342,9,45,1,9285.11,0
1343,2,6,1,8481.29,0
1344,3,15,4,11655.87,0
1345,6,29,5,2862.47,0
1346,4,19,3,6271.17,1
1347,4,16,7,6437.17,0
1348,6,26,1,3769.37,0
1349,3,13,2,4847.14,1
1350,6,29,5,1505.86,1
1351,2,7,5,6389.65,1
1352,7,32,4,11967.16,1
1353,6,30,2,1644.53,0
1354,2,6,5,12843.73,1
1355,2,6,2,10606.94,1
1356,5,23,4,8859.03,0
1357,9,44,5,5111.86,1
1358,5,23,3,17782.98,0
1359,1,2,3,7586.04,1
1360,2,8,3,11366.86,1
1361,6,29,1,5215.86,0
1362,2,9,2,5723.24,1
1363,8,39,2,5561.5,1
1364,1,2,6,6192.66,1
1365,6,26,1,3258.36,0
1366,9,41,5,18958.03,1
1367,1,1,6,5201.39,1
1368,7,34,3,9571.58,1
1369,6,28,3,1957.03,0
1370,6,28,4,12428.42,1
1371,8,40,4,6151.19,0
1372,4,18,5,3022.86,0
1373,7,35,3,8841.63,0
1374,2,6,5,7446.41,1
1375,3,13,1,7645.69,0
1376,8,37,6,4163.8,0
1377,6,28,6,3065.78,1
1378,3,13,3,14448.74,0
1379,6,26,5,4027.98,0
1380,9,42,1,1477.4,1
1381,2,10,2,9635.9,1
1382,2,9,1,2940.76,1
1383,2,6,3,2357.22,1
1384,3,14,3,4268.48,1
1385,2,8,5,15430.74,1
1386,8,40,3,2413.05,0
1387,3,12,2,3214.0,0
1388,9,44,2,2536.66,0
1389,8,39,6,6127.99,0
1390,1,3,2,5745.13,0
1391,8,36,3,4369.27,0
1392,2,8,4,11735.36,1
1393,6,29,2,3874.63,1
1394,2,10,3,5202.02,1
1395,2,10,6,5506.41,0
1396,6,30,5,1366.32,0
1397,5,22,3,3224.36,0
1398,8,36,1,2155.29,1
1399,2,6,5,15655.49,1
1400,9,42,5,12970.93,0
1401,5,21,4,2730.72,1
1402,5,23,4,6086.85,0
1403,8,40,2,6424.01,0
1404,1,1,4,7011.15,1
1405,7,34,6,5666.65,0
1406,1,5,2,4620.96,1
1407,9,43,5,17085.26,1
1408,4,17,2,4942.39,1
1409,2,7,3,4488.93,1
1410,6,29,2,8343.71,0
1411,2,8,6,11117.18,0
1412,7,34,3,2859.52,0
1413,2,9,2,1231.93,1
1414,5,25,2,2381.16,1
1415,2,10,4,7074.71,1
1416,8,40,4,4574.9,1
1417,1,1,2,5109.66,0
1418,9,42,4,2304.17,1
1419,6,29,4,3766.3,0
1420,3,13,6,6278.57,1
1421,3,13,5,6231.49,1
1422,4,17,4,15507.37,0
1423,6,28,2,11288.06,1
1424,6,27,5,3639.44,0
1425,5,21,2,11955.16,0
1426,1,3,5,544.39,1
1427,9,43,6,10605.34,0
1428,2,9,3,1946.28,1
1429,9,45,5,12150.95,0
1430,2,10,2,4746.55,1
1431,9,44,4,4699.73,1
1432,4,18,1,3659.93,1
1433,7,34,2,4660.44,1
1434,9,41,4,2957.2,1
1435,2,10,5,3234.63,0
1436,6,27,3,2366.61,0
1437,8,39,5,8315.56,0
1438,7,33,5,4731.64,1
1439,9,41,4,4613.51,0
1440,2,10,3,2243.89,0
1441,8,40,2,5450.79,1
1442,4,19,3,10691.08,0
1443,5,25,4,4290.45,0
1444,7,35,2,10341.23,1
1445,5,25,1,2329.14,0
1446,2,6,5,21573.49,1
1447,8,37,1,15185.14,0
1448,3,12,3,4903.36,0
1449,3,13,5,3941.95,1
1450,6,29,5,5362.98,0
1451,4,20,2,4924.41,1
1452,4,16,6,3607.02,1
1453,1,1,4,1454.36,1
1454,8,40,6,4545.22,0
1455,7,35,6,3872.32,0
1456,4,16,4,7667.58,1
1457,4,19,6,3438.38,0
1458,9,42,2,14093.96,0
1459,3,14,1,6988.73,0
1460,6,27,2,6696.35,0
1461,7,33,3,4313.59,0
1462,2,10,2,6166.7,1
1463,4,16,2,5795.61,1
1464,7,33,3,8715.25,0
1465,4,16,3,5840.68,0
1466,4,18,7,12185.85,1
1467,5,23,5,8553.0,0
1468,5,25,5,7261.32,0
1469,3,13,2,19679.65,0
1470,2,10,6,3217.46,1
1471,3,12,1,5161.05,0
1472,6,26,3,1617.82,0
1473,5,23,7,4801.98,1
1474,5,24,3,5884.09,0
1475,5,23,7,10831.54,0
1476,6,26,4,6999.76,0
1477,7,32,3,4763.4,1
1478,9,42,1,1531.71,1
1479,8,36,4,2095.83,0
1480,9,45,6,1931.35,1
1481,5,21,1,8259.77,0
1482,7,35,4,3087.21,0
1483,7,32,4,3730.04,0
1484,1,3,7,6510.24,1
1485,8,36,2,3285.78,0
1486,6,30,6,8777.41,0
1487,3,15,2,4381.32,0
1488,3,12,5,3098.65,1
1489,3,13,4,2319.25,0
1490,4,17,3,2162.55,0
1491,5,23,6,2999.87,0
1492,9,45,4,7402.73,0
1493,7,31,1,1582.09,0
1494,3,12,3,3042.85,0
1495,5,25,2,17252.31,1
1496,6,26,6,1657.32,0
1497,3,14,2,2519.5,1
1498,9,41,6,3701.79,0
1499,5,24,5,3482.0,1
1500,5,21,3,5948.69,0
1501,5,25,5,1304.69,1
1502,9,42,4,11534.65,1
1503,7,34,3,5898.18,1
1504,2,10,4,6789.46,0
1505,4,18,2,22636.78,0
1506,4,19,1,6235.84,1
1507,6,29,5,2234.93,1
1508,4,16,6,11609.55,0
1509,1,5,4,2711.61,1
1510,4,18,5,8753.46,0
1511,2,6,6,2533.39,1
1512,5,21,2,3285.57,1
1513,2,9,5,7708.76,1
1514,7,32,7,2738.39,1
1515,8,40,3,6058.71,0
1516,4,18,7,4753.91,1
1517,4,18,4,8732.51,0
1518,3,13,5,1544.0,1
1519,6,27,3,3316.44,1
1520,5,21,3,5365.45,1
1521,7,35,4,5364.03,1
1522,3,11,3,14624.62,1
1523,9,42,3,4487.01,1
1524,1,4,2,4868.24,1
1525,7,31,5,4883.01,0
1526,7,31,4,11624.95,0
1527,1,2,3,17057.47,1
1528,9,42,2,2882.77,1
1529,2,7,4,9604.89,1
1530,8,39,3,5019.86,1
1531,5,23,7,4463.22,1
1532,3,15,2,9398.88,0
1533,7,31,2,8417.64,0
1534,6,29,1,5344.36,0
1535,9,44,4,3157.45,0
1536,9,45,3,11454.26,1
1537,5,21,3,1029.21,1
1538,4,18,4,3714.87,1
1539,7,34,6,8727.5,1
1540,7,32,5,3163.6,1
1541,3,12,1,2371.25,1
1542,3,12,4,1745.52,1
1543,4,16,2,11978.12,1
1544,3,15,2,3324.81,0
1545,6,28,6,22091.4,0
1546,3,15,3,1513.93,1
1547,3,11,5,7406.7,1
1548,5,21,3,12582.12,0
1549,1,2,2,1991.58,1
1550,5,22,2,11757.35,0
1551,6,29,3,11906.41,1
1552,3,14,6,4395.49,1
1553,6,30,1,1215.62,1
1554,7,31,2,7323.65,0
1555,1,3,4,3129.82,1
1556,5,21,1,2536.09,1
1557,6,28,4,1823.09,0
1558,7,33,1,8351.18,1
1559,7,32,6,1509.73,1
1560,1,4,3,5001.59,1
1561,1,4,4,5443.01,1
1562,8,38,4,9562.1,1
1563,3,12,1,8921.56,1
1564,1,1,7,1198.86,1
1565,8,37,1,7801.53,1
1566,9,42,4,8161.67,0
1567,1,5,1,1298.03,1
1568,4,18,3,5234.48,0
1569,4,19,3,8057.1,0
1570,8,36,5,5216.08,1
1571,8,36,2,1501.0,0
1572,1,4,2,4363.45,0
1573,4,19,7,5892.72,1
1574,3,12,3,5292.14,1
1575,3,12,3,4723.4,1
1576,3,13,6,4675.8,1
1577,5,21,5,2758.78,1
1578,4,20,2,5262.25,1
1579,9,43,6,2777.27,1
1580,2,7,1,2500.01,0
1581,2,9,2,8247.51,0
1582,6,30,4,9215.87,1
1583,1,4,2,1497.18,1
1584,2,8,2,3630.08,1
1585,6,28,2,3724.2,0
1586,6,27,5,7068.47,1
1587,3,13,7,1736.2,0
1588,9,41,2,2420.92,1
1589,7,34,4,8613.33,1
1590,4,16,3,3008.28,1
1591,8,40,2,9742.18,0
1592,3,14,4,2194.83,1
1593,5,24,4,8415.97,0
1594,7,35,1,4835.02,0
1595,7,32,5,1054.09,0
1596,2,10,1,12232.82,1
1597,5,21,2,5505.15,1
1598,8,36,4,5358.89,1
1599,5,21,3,2783.51,0
1600,8,39,2,7115.37,0
1601,9,44,3,3415.43,1
1602,5,23,4,12102.3,0
1603,1,3,2,1861.23,1
1604,8,37,3,3389.46,1
1605,1,4,6,6749.91,1
1606,2,7,4,1117.09,0
1607,6,27,2,15666.71,1
1608,1,3,3,4145.44,0
1609,9,45,2,2929.38,0
1610,8,37,3,10628.9,0
1611,8,38,4,18279.78,1
1612,8,39,5,2767.73,0
1613,2,9,7,6523.84,1
1614,3,15,5,7006.16,1
1615,5,23,4,6174.28,0
1616,8,40,5,1856.46,0
1617,7,35,4,3199.33,0
1618,5,23,3,3366.64,0
1619,2,7,2,4146.45,1
1620,3,14,3,2915.84,1
1621,1,1,2,10126.02,0
1622,8,39,2,1309.0,1
1623,5,23,4,13761.46,0
1624,3,12,4,3636.47,1
1625,6,28,2,6232.0,0
1626,1,2,5,2974.74,0
1627,6,29,2,9795.08,0
1628,4,18,5,4468.93,1
1629,5,22,4,3099.05,0
1630,7,34,4,11120.88,0
1631,9,43,4,6494.95,1
1632,5,21,1,5822.29,0
1633,2,8,2,7009.43,1
1634,7,31,4,19575.03,0
1635,2,8,5,9017.73,1
1636,8,37,4,4181.08,1
1637,4,20,1,1295.33,1
1638,4,16,1,4144.23,1
1639,6,29,1,6671.98,1
1640,8,38,1,2306.15,1
1641,7,34,3,8158.53,0
1642,3,14,3,4176.2,1
1643,5,21,2,3597.67,0
1644,1,3,4,5796.75,0
1645,6,28,1,5265.7,0
1646,4,20,3,4997.68,0
1647,4,19,1,1698.54,0
1648,6,26,3,1582.47,0
1649,1,4,3,3464.11,1
1650,5,25,2,1386.38,0
1651,4,17,5,2047.89,1
1652,2,8,7,3968.72,1
1653,3,12,2,5917.05,0
1654,3,15,4,3814.15,0
1655,1,1,1,3488.51,1
1656,5,21,4,17349.47,1
1657,7,31,4,3133.37,0
1658,8,38,1,6237.15,1
1659,8,37,2,6550.51,0
1660,7,33,3,3362.94,1
1661,3,12,5,4731.3,0
1662,1,4,3,6559.11,1
1663,9,44,4,8420.05,0
1664,2,6,4,18691.76,0
1665,9,44,3,8948.01,0
1666,6,28,4,6815.67,0
1667,5,25,6,3402.63,0
1668,3,12,2,2580.83,1
1669,4,18,3,4126.65,1
1670,5,22,6,5474.09,1
1671,9,41,1,1617.61,1
1672,3,13,1,10707.75,0
1673,9,45,6,11129.91,1
1674,2,6,5,4965.29,1
1675,6,28,4,4052.54,0
1676,8,39,2,3181.53,1
1677,7,33,2,2810.59,0
1678,7,34,2,17568.09,0
1679,3,14,6,5686.17,1
1680,7,31,5,3483.06,1
1681,5,24,2,5647.02,0
1682,1,3,1,5105.61,1
1683,3,14,7,2827.52,1
1684,9,41,4,4430.28,0
1685,7,35,7,7531.66,1
1686,9,42,2,4252.77,0
1687,8,37,2,8172.63,1
1688,1,1,1,4798.9,1
1689,8,37,2,923.72,1
1690,2,10,4,6588.77,1
1691,5,22,5,1135.28,1
1692,9,42,1,8349.84,0
1693,7,35,6,3590.4,0
1694,4,17,5,8620.76,0
1695,1,5,2,2631.42,0
1696,5,25,4,5030.51,0
1697,3,11,6,4329.31,1
1698,2,7,3,3030.52,0
1699,7,32,6,2926.34,0
1700,8,36,2,7376.14,1
1701,9,42,6,11057.2,0
1702,5,25,5,4287.98,0
1703,8,39,4,4259.17,0
1704,7,35,2,5528.12,1
1705,3,13,2,11286.92,0
1706,1,2,2,4420.9,1
1707,4,20,5,5065.5,0
1708,8,37,2,4009.6,0
1709,3,13,3,5677.5,1
1710,6,29,4,11885.2,1
1711,3,14,2,2569.87,1
1712,2,10,2,6565.18,0
1713,6,30,2,3007.09,0
1714,7,31,5,8323.57,0
1715,6,28,2,14822.59,0
1716,4,19,2,7778.91,1
1717,4,16,2,3245.79,0
1718,8,37,4,2892.43,0
1719,2,8,2,5462.04,1
1720,1,3,5,5575.71,1
1721,8,36,2,13135.85,0
1722,3,12,5,3444.08,1
1723,5,24,3,4959.97,1
1724,4,18,3,8733.18,0
1725,4,16,4,3780.75,1
1726,9,43,5,3575.57,0
1727,4,16,3,1401.19,0
1728,6,27,4,3491.51,0
1729,3,13,7,10348.67,1
1730,8,39,5,6254.49,0
1731,2,10,5,5018.4,1
1732,5,21,3,4777.42,1
1733,5,24,3,7610.7,0
1734,1,3,5,7926.08,1
1735,4,17,3,2716.34,0
1736,8,40,4,2092.02,0
1737,9,44,4,13625.12,1
1738,5,23,5,9869.06,0
1739,8,39,7,2979.28,1
1740,9,41,3,14559.34,1
1741,9,43,4,10213.58,1
1742,9,41,2,3380.44,0
1743,3,12,3,2880.57,1
1744,9,42,1,2571.92,0
1745,3,12,1,6348.57,1
1746,6,27,4,5606.37,1
1747,8,38,3,3993.49,1
1748,9,45,2,1502.19,0
1749,6,26,2,2516.91,1
1750,4,16,3,2917.96,0
1751,8,39,7,4928.52,1
1752,7,33,3,1678.69,1
1753,6,26,2,9574.31,0
1754,9,44,2,2954.55,0
1755,4,16,1,5306.01,0
1756,9,44,3,8784.25,1
1757,6,26,5,13691.12,0
1758,4,17,4,5079.03,0
1759,3,14,4,15658.26,1
1760,6,26,2,3017.42,1
1761,4,17,4,3495.16,0
1762,4,16,2,3699.55,0
1763,3,12,3,4457.05,0
1764,9,43,3,2290.21,1
1765,3,11,4,5114.92,1
1766,2,7,5,2158.93,1
1767,7,32,2,3659.55,0
1768,1,4,3,17458.87,0
1769,2,7,4,1747.3,1
1770,6,29,3,1752.43,1
1771,5,24,4,4015.71,1
1772,4,18,4,28917.37,0
1773,1,2,3,1025.81,1
1774,5,21,1,4428.86,1
1775,4,19,2,5330.83,1
1776,4,20,5,3260.69,0
1777,3,11,3,4672.28,1
1778,4,19,2,1698.48,0
1779,6,30,5,7009.9,1
1780,8,40,2,3959.09,0
1781,1,2,3,5707.37,1
1782,4,17,2,5044.55,0
1783,6,30,5,3236.7,1
1784,8,40,3,11257.24,1
1785,3,13,6,3675.87,0
1786,5,22,3,15528.61,1
1787,1,4,5,2593.95,0
1788,6,26,2,5504.69,1
1789,9,44,2,5149.23,0
1790,8,38,2,5511.15,1
1791,8,39,4,6976.55,1
1792,2,6,6,1424.36,1
1793,2,7,1,6825.36,1
1794,8,37,7,11081.29,1
1795,5,24,4,2786.65,1
1796,9,45,3,800.8,0
1797,2,7,7,4193.55,0
1798,6,28,4,6744.25,0
1799,5,25,4,2119.06,1
1800,6,28,3,2820.63,1
1801,7,34,3,6424.79,1
1802,5,24,3,1587.17,1
1803,1,2,4,9224.97,0
1804,4,16,5,14642.21,1
1805,2,7,1,4827.43,1
1806,5,24,2,20634.21,0
1807,5,21,7,2128.52,0
1808,6,29,4,2605.7,0
1809,4,19,2,2995.45,0
1810,9,44,2,10307.56,1
1811,5,21,3,5410.89,0
1812,6,27,5,2065.13,0
1813,9,42,3,3644.55,1
1814,6,30,7,5931.14,0
1815,5,21,5,4075.21,1
1816,1,4,6,9067.45,0
1817,5,24,2,16371.08,0
1818,5,21,1,4276.8,0
1819,7,31,6,3534.94,1
1820,8,39,2,11442.0,0
1821,5,24,6,2025.87,0
1822,4,16,6,9104.69,0
1823,6,26,2,5314.86,0
1824,7,34,6,11783.52,1
1825,9,41,2,3841.22,0
1826,7,35,5,3982.02,0
1827,1,5,1,7002.78,1
1828,8,39,5,11888.62,0
1829,4,20,2,5343.42,1
1830,3,14,4,3645.39,1
1831,3,14,2,2409.25,0
1832,2,7,6,4589.48,0
1833,3,11,4,8940.05,0
1834,6,28,2,8044.89,0
1835,1,4,2,20030.97,0
1836,9,44,7,6398.28,1
1837,1,4,4,16979.39,1
1838,8,36,5,5172.74,1
1839,7,35,3,7086.68,0
1840,4,19,3,3636.93,1
1841,4,19,5,9036.7,0
1842,8,37,5,2366.34,1
1843,2,6,3,4712.86,1
1844,4,17,2,3890.13,1
1845,4,18,1,1954.72,1
1846,4,19,2,6843.13,0
1847,2,10,2,9195.42,1
1848,1,1,2,2163.54,1
1849,7,34,4,2597.42,0
1850,1,1,2,3809.47,1
1851,7,31,3,9556.42,1
1852,4,20,1,6895.52,0
1853,3,11,4,14284.43,1
1854,7,31,5,1796.78,1
1855,3,12,2,5817.56,1
1856,9,42,2,15759.66,0
1857,8,36,5,1136.13,1
1858,1,3,7,11433.96,1
1859,9,43,2,2700.41,0
1860,8,39,1,5097.2,0
1861,7,34,5,6206.8,0
1862,4,18,3,10693.48,0
1863,9,41,2,6841.42,0
1864,6,27,2,1924.91,1
1865,5,22,1,4421.83,0
1866,8,37,2,4620.37,1
1867,9,43,1,15723.97,1
1868,8,40,2,1254.96,1
1869,9,43,4,2278.27,0
1870,6,30,3,3662.09,1
1871,9,42,5,4126.1,0
1872,4,19,5,2688.06,1
1873,1,3,5,5191.47,0
1874,4,20,5,8943.6,0
1875,5,25,5,5307.44,0
1876,5,25,6,9325.08,1
1877,9,45,5,2026.08,1
1878,1,1,3,7882.01,1
1879,8,39,6,6592.84,1
1880,6,26,2,8917.03,0
1881,4,16,2,3840.98,1
1882,3,15,5,5477.88,1
1883,8,38,2,4556.72,1
1884,3,13,1,3920.45,1
1885,5,25,2,9363.1,1
1886,8,36,5,4541.48,1
1887,4,16,4,23657.2,0
1888,7,33,2,5948.76,1
1889,8,38,3,13014.18,0
1890,6,29,7,3296.81,0
1891,9,41,6,3740.61,1
1892,4,17,2,1930.73,1
1893,2,8,6,12357.77,1
1894,6,27,3,9636.06,1
1895,7,35,1,12012.6,0
1896,7,33,6,4297.59,1
1897,4,18,4,2026.98,1
1898,3,15,6,2080.17,1
1899,3,14,5,3201.85,0
1900,5,21,7,3728.16,0
1901,4,16,5,15075.88,1
1902,2,10,5,2460.69,1
1903,8,38,4,2988.87,0
1904,7,32,1,3868.93,1
1905,6,29,2,10442.12,0
1906,6,27,4,9781.45,1
1907,1,1,3,2963.06,1
1908,9,45,2,2394.55,1
1909,6,28,4,7973.51,0
1910,7,31,2,21756.43,0
1911,3,15,2,1258.92,0
1912,1,5,6,5038.32,1
1913,4,18,3,5638.04,0
1914,9,45,3,4410.37,0
1915,1,2,1,2070.94,0
1916,7,34,5,3137.73,1
1917,5,24,4,2725.23,1
1918,2,6,5,3250.38,1
1919,5,21,5,16409.38,0
1920,4,16,5,3283.61,1
1921,3,14,3,10536.31,1
1922,9,45,4,9494.37,0
1923,8,36,3,2928.42,1
1924,5,22,7,1881.34,1
1925,3,13,4,2755.08,0
1926,1,5,3,5932.45,1
1927,2,9,5,1439.92,0
1928,1,2,1,2019.36,1
1929,1,4,3,9660.72,0
1930,7,31,7,4201.16,0
1931,4,17,4,8612.73,0
1932,9,43,5,4325.81,1
1933,4,20,2,12951.65,0
1934,2,10,2,7031.06,1
1935,6,30,4,4358.58,1
1936,9,43,6,5386.58,0
1937,5,23,3,10487.92,0
1938,6,26,7,4076.75,0
1939,4,16,2,6131.25,0
1940,1,5,3,3457.43,1
1941,9,44,2,13923.4,0
1942,3,13,4,24855.05,1
1943,6,30,3,8209.62,1
1944,8,40,4,8560.92,1
1945,6,30,1,6932.01,0
1946,5,21,2,5527.49,1
1947,4,20,3,2632.79,1
1948,9,42,4,14901.9,0
1949,7,33,1,12468.36,0
1950,9,44,6,4124.94,0
1951,8,38,4,4801.76,0
1952,7,32,5,5408.81,0
1953,8,39,2,9529.75,1
1954,7,35,5,11038.26,0
1955,9,41,2,3527.94,0
1956,5,23,2,4087.33,0
1957,8,39,3,11333.34,0
1958,6,30,5,9567.04,0
1959,5,24,3,7357.18,0
1960,1,5,2,3567.18,1
1961,2,6,3,999.69,1
1962,5,24,1,3066.46,0
1963,5,23,1,3514.38,0
1964,7,32,1,10814.97,1
1965,3,12,4,4661.95,1
1966,6,26,3,4750.06,1
1967,8,39,2,13039.55,1
1968,6,26,7,1812.79,0
1969,5,22,1,3565.24,1
1970,5,23,4,3631.59,0
1971,9,44,2,2378.26,0
1972,5,22,3,4339.1,1
1973,1,3,1,2600.25,1
1974,2,6,6,8181.53,0
1975,7,34,4,1644.74,0
1976,8,37,6,7356.02,1
1977,5,24,6,8253.63,1
1978,3,15,3,8013.94,1
1979,8,39,2,10303.53,1
1980,1,2,4,2278.27,1
1981,8,37,3,11956.04,1
1982,1,2,3,11144.59,0
1983,5,21,4,6077.7,0
1984,5,22,1,3193.32,0
1985,4,17,4,6224.77,0
1986,1,2,3,4175.26,0
1987,2,10,5,5163.75,1
1988,3,13,3,2028.49,0
1989,9,44,2,9297.85,0
1990,4,17,5,6386.82,0
1991,5,22,4,4985.27,1
1992,3,13,6,4823.3,1
1993,5,24,3,5126.47,0
1994,7,33,3,7152.21,0
1995,2,9,3,6878.92,1
1996,2,10,1,3467.7,1
1997,8,40,3,2846.54,0
1998,8,36,2,4387.22,1
1999,5,23,3,3775.38,1
2000,1,2,2,3279.97,0
2001,2,10,3,5551.11,1
2002,3,11,7,4026.28,1
2003,6,28,2,6550.16,0
2004,9,43,2,3790.82,0
2005,8,40,4,5988.96,0
2006,2,8,2,2398.22,1
2007,3,15,7,9794.37,0
2008,1,4,4,18687.51,1
2009,3,15,6,1905.81,0
2010,8,36,1,5075.62,0
2011,9,41,4,27577.64,1
2012,5,21,3,7076.56,0
2013,4,19,5,6723.94,1
2014,9,43,3,3995.1,0
2015,5,22,6,4740.44,1
2016,8,40,1,2722.22,0
2017,4,19,5,48604.38,0
2018,1,1,2,12135.38,0
2019,3,13,4,14076.31,1
2020,1,2,1,5529.19,1
2021,3,11,5,1934.13,1
2022,4,16,5,900.7,1
2023,3,15,3,6624.8,0
2024,5,24,2,16749.22,0
2025,1,4,3,16089.46,1
2026,6,30,1,12083.73,0
2027,9,43,3,3735.47,1
2028,1,1,4,1518.11,0
2029,1,3,3,7664.12,1
2030,7,34,1,6427.2,0
2031,1,4,6,1485.42,1
2032,2,9,2,9448.95,1
2033,2,8,4,5106.27,1
2034,3,14,5,4093.02,1
2035,3,15,2,3744.94,1
2036,2,8,2,2848.51,1
2037,9,44,4,4003.69,1
2038,8,38,5,4193.87,1
2039,1,5,5,6614.18,1
2040,3,11,1,2826.2,0
2041,5,23,4,9249.17,0
2042,7,35,1,1985.09,0
2043,5,25,3,7096.46,0
2044,8,36,2,4071.62,1
2045,2,7,2,8968.15,0
2046,1,2,2,6678.42,1
2047,6,30,3,16998.72,0
2048,6,29,2,1298.55,0
2049,1,5,1,23870.85,1
2050,6,28,1,9584.86,1
2051,5,24,5,3407.87,0
2052,7,33,3,23036.09,0
2053,3,15,4,8818.85,1
2054,3,14,2,5610.6,1
2055,1,5,4,3105.99,0
2056,8,37,2,3582.8,0
2057,1,4,4,3418.03,0
2058,6,27,6,8861.96,0
2059,9,42,6,3138.46,0
2060,1,4,2,7944.97,1
2061,1,2,2,4023.17,1
2062,3,14,4,4021.53,1
2063,2,8,3,4983.19,0
2064,9,43,3,10228.15,0
2065,4,16,1,17093.28,1
2066,7,31,2,6595.47,1
2067,1,3,6,14409.84,0
2068,6,28,2,4793.13,1
2069,5,25,6,10289.19,0
2070,4,18,6,3271.41,1
2071,7,34,1,5759.05,0
2072,4,19,6,2108.11,0
2073,3,15,5,11542.68,1
2074,3,11,4,12012.02,1
2075,4,16,5,5728.05,1
2076,1,5,4,2173.08,0
2077,5,25,3,11797.25,0
2078,5,23,1,3291.88,0
2079,5,24,6,2609.94,1
2080,4,17,5,6440.15,0
2081,2,9,4,4377.55,1
2082,6,29,4,5358.2,0
2083,8,36,2,16170.23,0
2084,8,39,4,4469.72,0
2085,4,17,2,4581.15,1
2086,6,29,2,1948.39,1
2087,4,18,4,1873.09,1
2088,9,44,3,3271.38,1
2089,9,43,1,4331.83,0
2090,3,14,4,12642.61,0
2091,8,36,2,4121.67,1
2092,4,20,4,23062.95,1
2093,8,39,7,3270.88,0
2094,1,5,4,8450.43,1
2095,9,44,3,3218.69,0
2096,1,3,2,3320.44,1
2097,7,32,4,4287.51,1
2098,3,12,6,1920.74,1
2099,3,13,3,10620.5,1
2100,9,41,1,858.27,1
2101,9,42,4,6815.34,0
2102,2,8,3,8118.19,1
2103,8,36,1,4771.36,1
2104,8,39,3,6697.16,1
2105,5,22,2,2686.24,0
2106,1,5,2,3966.57,1
2107,5,21,3,3075.41,0
2108,9,42,5,2704.09,1
2109,5,23,4,8253.42,0
2110,2,6,3,7320.54,1
2111,9,43,7,1862.55,1
2112,3,13,2,11728.17,1
2113,4,19,6,3855.11,0
2114,5,23,2,1982.73,1
2115,6,27,3,5021.14,0
2116,6,30,1,3120.37,1
2117,6,30,4,2896.66,0
2118,1,4,3,5102.82,0
2119,8,38,4,15852.35,1
2120,3,15,4,2800.44,1
2121,9,42,2,6559.09,1
2122,9,45,5,3217.67,0
2123,3,11,3,5872.75,0
2124,3,13,3,3222.24,0
2125,6,30,6,9020.93,0
2126,9,42,2,7743.39,0
2127,5,23,3,4724.05,0
2128,9,41,2,6007.52,0
2129,4,17,4,6881.36,1
2130,4,19,4,11103.99,0
2131,9,45,3,4195.54,1
2132,6,30,1,15705.43,0
2133,1,2,4,33299.99,1
2134,6,29,1,3841.95,1
2135,1,5,3,2114.63,1
2136,5,23,4,6769.21,1
2137,1,4,2,4134.05,1
2138,5,25,4,13775.35,0
2139,9,41,1,1722.96,1
2140,2,9,3,950.88,1
2141,2,7,4,12590.01,1
2142,3,13,6,2682.15,1
2143,1,2,5,4888.43,1
2144,2,9,2,5092.65,1
2145,4,20,6,1117.12,0
2146,3,14,6,5420.66,0
2147,8,38,7,3242.34,0
2148,1,5,3,19307.28,1
2149,2,7,3,5050.0,1
2150,6,26,2,2507.54,0
2151,2,9,6,2259.05,1
2152,5,24,2,2073.81,1
2153,3,12,1,1665.06,1
2154,7,35,5,6424.95,0
2155,1,4,2,3957.8,1
2156,9,45,1,5311.0,0
2157,5,25,2,9757.41,0
2158,5,25,2,3858.46,1
2159,2,8,4,7091.8,1
2160,3,15,4,10368.03,1
2161,6,29,4,9483.22,0
2162,9,41,5,5283.5,0
2163,4,18,5,4186.63,0
2164,6,30,4,6669.84,0
2165,8,37,7,833.84,1
2166,3,11,4,4922.25,1
2167,6,28,4,5399.85,1
2168,7,34,3,4739.31,1
2169,3,15,4,11711.98,1
2170,1,2,4,1910.34,1
2171,6,27,6,2769.21,0
2172,6,28,3,4577.46,0
2173,4,16,7,1308.25,0
2174,7,32,6,10370.8,1
2175,5,23,2,4433.2,1
2176,4,17,1,7287.91,1
2177,1,1,5,7034.82,1
2178,8,37,5,9098.73,0
2179,1,1,6,7749.82,1
2180,6,26,3,3542.72,0
2181,8,40,4,2654.09,0
2182,3,12,2,2715.24,1
2183,4,19,5,1839.97,0
2184,8,40,2,17879.56,0
2185,3,13,2,2967.22,0
2186,6,27,4,8702.44,0
2187,6,26,2,7870.87,1
2188,5,21,2,8565.42,0
2189,9,42,5,12716.3,0
2190,4,16,5,2762.4,0
2191,7,32,3,3091.64,0
2192,9,44,7,4058.94,1
2193,6,29,2,4144.57,1
2194,4,19,6,2247.55,0
2195,7,33,5,3345.25,0
2196,5,23,5,5611.46,0
2197,2,10,4,4580.8,0
2198,5,23,2,19560.85,0
2199,9,43,3,4139.3,0
2200,9,42,2,6604.21,0
2201,4,20,5,3165.7,0
2202,2,8,7,3761.63,1
2203,9,42,3,4359.03,1
2204,9,43,6,6229.07,1
2205,8,38,1,1174.43,1
2206,4,16,2,12249.82,0
2207,6,28,4,7354.49,1
2208,4,16,6,4093.58,1
2209,7,34,4,8094.26,1
2210,4,18,1,3682.84,1
2211,8,40,4,2903.81,0
2212,9,44,6,2574.6,0
2213,7,31,2,17414.53,0
2214,7,31,5,1337.49,1
2215,4,18,7,4980.74,0
2216,7,34,5,5696.82,1
2217,7,33,3,8042.27,1
2218,1,3,6,5288.63,1
2219,9,42,5,16206.89,1
2220,5,25,1,1712.93,1
2221,2,7,3,11097.42,0
2222,4,18,6,4663.41,0
2223,7,31,1,1447.81,0
2224,4,20,3,5324.36,1
2225,1,2,3,3520.52,0
2226,7,35,4,2994.03,0
2227,8,38,2,3540.02,0
2228,2,6,2,4301.27,1
2229,3,12,3,3945.73,0
2230,8,38,4,5551.55,0
2231,8,40,4,1758.16,0
2232,6,27,3,2319.32,1
2233,2,10,4,4486.28,1
2234,7,31,4,7556.64,1
2235,2,6,4,1430.4,0
2236,4,18,3,3635.9,1
2237,4,18,7,3269.61,0
2238,4,19,3,1338.4,0
2239,8,36,4,5905.58,0
2240,7,32,5,5580.87,1
2241,1,1,1,5846.77,0
2242,9,42,2,2101.62,0
2243,3,14,4,3628.38,1
2244,9,45,4,3557.37,0
2245,2,6,3,2936.12,1
2246,9,43,3,2430.74,1
2247,6,28,4,5614.3,0
2248,2,7,4,7711.95,1
2249,5,24,3,4237.03,0
2250,3,13,3,14118.99,1
2251,7,32,4,1793.34,1
2252,6,26,1,5343.51,1
2253,9,44,4,3478.87,1
2254,5,24,2,4821.29,1
2255,7,33,4,7126.46,1
2256,3,15,1,14057.08,0
2257,7,35,3,8216.41,0
2258,7,33,3,1196.82,1
2259,6,26,2,619.77,1
2260,7,31,3,5061.37,1
2261,6,26,5,1640.48,0
2262,1,3,6,8014.66,1
2263,6,30,2,2796.56,0
2264,2,6,2,14226.56,0
2265,7,33,5,3593.82,1
2266,2,7,2,10225.72,1
2267,7,32,6,7239.94,0
2268,1,1,4,17741.38,1
2269,3,12,3,2583.44,1
2270,4,17,5,16660.94,0
2271,7,31,2,2798.68,1
2272,9,45,7,8297.86,0
2273,6,29,6,5193.75,0
2274,1,2,4,6245.79,1
2275,7,34,3,1802.13,0
2276,8,39,1,4586.4,0
2277,6,27,3,2268.08,1
2278,5,24,4,1892.02,0
2279,3,13,2,6645.98,0
2280,5,23,3,19439.45,1
2281,7,35,5,3409.61,0
2282,8,40,3,13202.86,0
2283,4,18,1,6120.81,0
2284,6,28,4,10521.34,0
2285,3,15,5,8437.78,0
2286,1,4,2,6355.53,1
2287,7,33,1,4504.13,1
2288,3,15,3,8172.69,0
2289,5,22,4,6402.62,0
2290,1,1,4,7500.62,1
2291,9,41,4,1041.68,1
2292,4,18,4,961.72,1
2293,4,16,3,3987.4,0
2294,3,11,7,2854.27,0
2295,3,12,4,2960.62,0
2296,5,23,6,3726.01,0
2297,4,17,3,2133.35,1
2298,7,32,3,2142.43,1
2299,9,42,5,7204.7,0
2300,5,22,1,2885.31,0
2301,7,34,1,1106.29,1
2302,2,9,4,4980.07,1
2303,7,35,5,4261.06,1
2304,5,22,6,2835.09,1
2305,4,19,3,3528.23,0
2306,6,30,6,4934.5,0
2307,2,10,3,4765.68,1
2308,1,4,1,4161.89,1
2309,2,8,2,1512.56,1
2310,7,31,3,1332.26,1
2311,8,39,3,2418.88,0
2312,7,35,4,8102.86,0
2313,6,27,4,3388.6,0
2314,5,24,2,2620.71,1
2315,2,7,7,4134.94,1
2316,1,5,4,5326.92,1
2317,1,1,7,6334.07,1
2318,9,44,4,8743.7,0
2319,5,21,1,15480.28,0
2320,4,20,3,8870.37,0
2321,2,8,1,2146.48,1
2322,3,15,7,7502.35,1
2323,1,4,5,1688.56,1
2324,2,8,2,10333.39,1
2325,4,19,2,7461.3,0
2326,6,26,5,6125.75,0
2327,7,34,5,3003.79,0
2328,3,13,4,3922.9,1
2329,8,39,5,10055.97,0
2330,9,45,1,71840.1,0
2331,3,13,1,7389.39,0
2332,1,1,4,9229.9,1
2333,2,9,4,4206.25,1
2334,9,42,3,16164.59,0
2335,5,24,3,4385.65,0
2336,7,33,5,6149.69,1
2337,5,25,4,5181.39,1
2338,5,22,4,4769.95,0
2339,3,14,5,3451.28,1
2340,3,13,3,1624.49,1
2341,1,3,2,2821.97,0
2342,1,5,5,7999.94,0
2343,1,3,4,4704.35,0
2344,7,35,7,2254.01,1
2345,1,1,3,7623.35,1
2346,2,9,1,5167.71,1
2347,9,43,4,3881.35,0
2348,3,14,2,7961.14,1
2349,1,5,7,4979.52,1
2350,6,26,2,10399.95,1
2351,3,11,4,2268.4,1
2352,1,5,5,8604.68,1
2353,3,12,2,10134.13,1
2354,1,4,2,5641.61,1
2355,3,13,2,5406.39,1
2356,1,2,7,4492.7,1
2357,4,19,1,4987.57,0
2358,9,45,4,18647.01,1
2359,2,7,2,5135.22,1
2360,5,23,5,2641.9,0
2361,9,41,5,3816.94,0
2362,5,22,4,5747.94,0
2363,8,40,2,14282.69,0
2364,4,17,2,4830.14,1
2365,5,23,2,3126.33,1
2366,3,14,5,3079.98,1
2367,5,22,5,3481.4,1
2368,9,41,4,6610.41,0
2369,9,43,3,1226.21,0
2370,5,24,3,1817.92,0
2371,3,12,6,29561.76,0
2372,3,15,2,10731.71,0
2373,1,3,1,3824.58,0
2374,7,31,3,1149.19,0
2375,5,24,2,2352.24,0
2376,2,8,2,3394.93,1
2377,8,39,1,5974.2,0
2378,5,25,6,14108.09,1
2379,7,35,4,2973.81,1
2380,9,45,5,2312.66,1
2381,9,42,7,2589.83,1
2382,5,25,4,7371.5,1
2383,8,40,7,4134.61,0
2384,1,1,6,2414.94,1
2385,7,33,3,1427.08,1
2386,2,7,1,4242.97,0
2387,7,32,1,2580.25,0
2388,2,9,1,3257.51,0
2389,7,35,3,1572.68,0
2390,4,18,2,8756.84,0
2391,3,15,5,1756.38,1
2392,5,25,6,3610.3,0
2393,8,40,6,8162.68,0
2394,7,33,6,6576.88,0
2395,2,10,4,4885.56,1
2396,7,34,1,2783.97,0
2397,2,7,2,1749.5,1
2398,1,4,6,6939.3,1
2399,5,23,3,2067.2,0
2400,6,27,6,7023.62,0
2401,1,3,4,2834.41,0
2402,3,12,3,5458.51,1
2403,9,41,6,2350.25,0
2404,9,44,5,11263.26,0
2405,9,45,2,6331.8,0
2406,5,22,5,3791.4,0
2407,8,36,4,2954.32,0
2408,8,38,3,5648.69,1
2409,5,21,2,6597.97,0
2410,1,4,4,3496.27,1
2411,2,7,5,4692.78,1
2412,7,32,4,15383.07,1
2413,6,28,1,6729.1,1
2414,8,39,2,11428.82,0
2415,1,1,4,2985.37,1
2416,3,13,4,8390.52,1
2417,3,12,4,9061.59,1
2418,7,31,5,6281.65,1
2419,6,26,2,1003.83,1
2420,5,25,5,11951.98,0
2421,1,1,4,3297.13,0
2422,7,33,3,1865.83,0
2423,5,25,4,7708.17,0
2424,8,39,2,4095.6,0
2425,6,30,2,15109.95,1
2426,3,14,3,1946.42,1
2427,3,15,6,13130.94,0
2428,1,4,4,5514.26,0
2429,1,3,6,6259.92,1
2430,2,6,1,5785.95,1
2431,9,43,4,5518.06,1
2432,6,30,3,3154.65,1
2433,3,14,5,6025.75,1
2434,6,27,1,4671.42,1
2435,8,39,4,3952.46,1
2436,4,18,4,1736.57,1
2437,5,21,1,4044.19,0
2438,9,43,6,4104.88,0
2439,5,23,3,3373.06,1
2440,2,7,3,2857.17,1
2441,5,21,6,20627.74,0
2442,3,12,3,2869.4,1
2443,9,45,3,25358.41,0
2444,1,5,3,6598.0,0
2445,1,5,4,9886.09,1
2446,8,36,7,1684.28,1
2447,2,7,6,8782.18,1
2448,7,33,4,719.54,0
2449,3,14,6,3014.2,1
2450,2,7,4,8236.81,1
2451,3,11,2,13259.29,1
2452,2,7,6,6995.64,0
2453,4,19,3,4038.46,0
2454,6,30,2,3922.28,1
2455,2,8,3,7894.83,1
2456,8,38,5,3991.99,1
2457,7,35,4,11091.72,0
2458,8,38,6,1776.23,0
2459,2,6,3,11272.08,1
2460,6,27,4,5209.02,0
2461,5,25,3,5495.89,0
2462,5,23,4,5942.95,0
2463,4,20,4,6887.78,0
2464,9,41,3,4586.04,0
2465,3,15,1,2592.14,1
2466,8,40,2,1447.49,0
2467,2,10,3,45397.45,1
2468,9,43,7,4562.39,0
2469,7,33,5,4052.73,0
2470,9,43,4,7245.56,1
2471,4,16,2,1158.74,0
2472,7,32,1,13045.18,1
2473,8,39,4,2242.81,1
2474,4,19,3,1991.92,0
2475,2,9,1,2549.38,1
2476,9,42,6,3427.2,1
2477,5,22,4,1126.99,0
2478,1,3,4,4867.5,1
2479,8,39,2,4329.47,0
2480,7,31,5,10659.11,0
2481,6,30,3,6479.52,1
2482,5,24,3,16904.78,1
2483,5,23,4,4238.89,1
2484,6,26,3,6665.13,0
2485,6,26,5,3399.1,0
2486,2,8,3,4049.27,0
2487,3,11,2,16864.22,1
2488,9,42,3,6052.84,1
2489,6,28,7,3964.7,1
2490,8,37,4,5591.2,0
2491,2,10,5,9057.0,0
2492,2,10,7,5824.83,1
2493,5,22,3,2788.25,0
2494,1,1,4,2286.37,1
2495,2,6,6,5332.49,1
2496,9,45,5,3501.5,1
2497,5,24,2,10451.53,1
2498,2,6,4,3339.05,0
2499,5,24,5,2715.82,1
2500,3,14,5,4298.22,0
2501,5,23,4,6474.6,0
2502,3,11,2,1654.63,0
2503,4,17,5,11517.78,0
2504,2,10,4,2290.39,0
2505,2,6,4,4104.64,0
2506,9,44,6,3667.62,1
2507,1,1,6,4919.4,0
2508,4,20,3,2218.69,1
2509,5,24,3,5782.47,0
2510,8,38,1,5338.83,0
2511,1,4,3,8096.26,1
2512,9,41,3,3688.26,1
2513,2,7,3,3546.59,1
2514,2,10,2,10106.9,1
2515,6,27,7,4445.97,0
2516,9,41,3,5600.9,1
2517,5,25,2,21647.57,1
2518,5,21,6,8854.2,1
2519,6,28,1,2440.07,0
2520,3,13,3,11926.79,0
2521,8,40,2,8053.27,0
2522,2,10,4,9037.44,1
2523,9,41,2,3757.18,0
2524,6,29,3,4563.96,1
2525,1,2,1,1693.94,0
2526,4,19,4,4427.14,0
2527,1,1,4,4273.88,1
2528,3,15,1,1985.24,0
2529,4,18,3,15955.15,1
2530,1,2,4,9463.54,1
2531,3,15,3,5846.6,0
2532,9,41,5,5354.93,1
2533,7,31,3,6244.79,0
2534,1,5,4,3258.54,1
2535,6,29,3,2213.93,0
2536,8,40,4,1581.07,0
2537,9,42,2,10989.74,1
2538,5,22,6,818.31,0
2539,2,6,2,1180.23,1
2540,3,11,3,2172.41,1
2541,8,38,5,8292.77,1
2542,3,11,1,4643.84,0
2543,5,24,4,4347.31,0
2544,4,16,6,2129.57,1
2545,1,4,1,2295.2,1
2546,9,45,5,12727.44,0
2547,8,40,4,1972.11,0
2548,6,27,6,2334.96,0
2549,2,10,3,2953.27,0
2550,3,11,7,1970.22,1
2551,4,17,3,3285.42,0
2552,7,34,6,2268.0,1
2553,8,37,4,4493.95,1
2554,9,42,3,2860.52,0
2555,9,42,4,4036.04,1
2556,3,13,3,8482.03,1
2557,6,26,5,6196.96,0
2558,3,15,4,3389.67,0
2559,1,5,3,1845.9,0
2560,9,42,3,3306.7,0
2561,1,5,5,4162.37,1
2562,1,2,2,3567.55,1
2563,8,36,4,2765.77,1
2564,6,28,4,2762.84,0
2565,1,1,5,7117.51,0
2566,6,29,5,12003.66,1
2567,3,13,4,1940.93,1
2568,8,37,2,8552.9,0
2569,7,31,5,4832.22,0
2570,3,15,4,2197.79,1
2571,3,13,5,8750.55,1
2572,9,44,4,18977.94,1
2573,9,41,5,1861.51,0
2574,8,38,4,3537.95,1
2575,1,1,5,12339.58,1
2576,8,38,6,1358.23,1
2577,4,17,4,5463.24,0
2578,4,17,6,9216.63,0
2579,4,16,3,15923.81,0
2580,4,20,4,3138.21,1
2581,8,36,2,4683.22,0
2582,3,13,2,2367.48,1
2583,9,43,2,3597.61,0
2584,6,30,4,6952.56,0
2585,2,7,1,4586.09,1
2586,7,34,4,4673.29,1
2587,3,14,6,3757.11,1
2588,4,20,5,11592.01,0
2589,2,7,5,2519.35,1
2590,3,11,3,3119.11,1
2591,4,18,6,2886.66,0
2592,6,29,6,11406.32,0
2593,7,32,4,1309.06,0
2594,5,23,4,5718.24,0
2595,5,25,6,2619.35,0
2596,2,7,3,5610.7,1
2597,8,39,6,4758.14,0
2598,9,41,2,3653.62,1
2599,6,27,3,2918.42,0
2600,2,8,3,7866.57,1
2601,4,16,2,8717.41,1
2602,6,28,4,6232.08,0
2603,3,15,1,6516.18,1
2604,1,4,7,7396.94,1
2605,5,25,4,2481.47,1
2606,8,40,3,5259.67,0
2607,7,32,3,4410.51,0
2608,2,9,2,13266.43,1
2609,5,21,5,2636.15,0
2610,1,1,2,1613.01,1
2611,1,5,4,11030.36,1
2612,9,44,4,7257.65,1
2613,1,5,6,3699.61,1
2614,7,35,4,7086.0,1
2615,6,27,1,4231.14,1
2616,1,5,2,7788.68,1
2617,8,39,3,5361.12,0
2618,6,26,3,9779.48,0
2619,8,38,1,3494.45,0
2620,6,28,5,10697.02,0
2621,6,30,6,11483.16,1
2622,1,5,3,2427.94,1
2623,3,12,1,3798.19,1
2624,3,13,7,3127.78,1
2625,1,4,4,5214.85,1
2626,6,30,1,3542.22,0
2627,9,44,1,1369.32,1
2628,7,35,4,8482.08,0
2629,1,1,2,3515.49,1
2630,7,34,6,7121.08,0
2631,7,31,6,7988.26,1
2632,6,27,4,1180.49,1
2633,6,28,2,19765.96,0
2634,6,30,3,1816.56,0
2635,9,41,2,9024.26,1
2636,7,31,5,33999.04,0
2637,5,23,4,11396.15,0
2638,8,36,2,9678.54,0
2639,5,25,4,860.53,0
2640,3,13,5,8087.39,1
2641,1,3,5,25357.93,1
2642,3,15,2,6621.62,0
2643,1,1,3,3276.4,1
2644,2,8,1,40631.11,0
2645,7,34,3,3131.6,1
2646,3,12,5,9571.0,1
2647,4,16,3,4244.24,1
2648,9,42,3,9309.18,1
2649,3,11,3,2181.05,0
2650,9,41,4,5744.69,1
2651,3,12,2,2232.29,1
2652,5,24,6,3392.44,0
2653,7,33,4,11194.28,1
2654,6,28,5,5109.35,0
2655,8,40,1,3860.26,0
2656,8,38,6,2752.56,0
2657,1,3,4,13323.18,1
2658,6,26,7,4132.97,0
2659,9,42,2,2201.41,0
2660,6,30,7,2948.06,0
2661,1,2,4,6446.48,1
2662,3,15,2,9595.02,1
2663,1,3,4,34573.56,1
2664,1,2,7,1571.4,1
2665,3,15,1,2588.11,0
2666,8,36,4,3792.89,0
2667,6,30,5,2331.34,1
2668,4,19,3,10619.57,0
2669,1,1,2,5106.71,1
2670,4,19,3,1670.58,0
2671,7,35,1,2661.06,1
2672,8,39,2,3828.22,1
2673,4,20,4,8676.32,0
2674,1,1,3,5822.61,1
2675,9,42,3,3824.82,1
2676,5,23,3,4482.04,0
2677,5,24,7,11494.57,0
2678,4,20,6,1864.49,0
2679,4,20,2,3507.84,0
2680,8,39,5,5440.73,0
2681,7,34,7,860.36,1
2682,4,18,2,8115.26,0
2683,4,16,3,13464.08,1
2684,3,15,4,3562.48,0
2685,2,10,3,3110.07,0
2686,4,17,4,1876.91,1
2687,9,41,4,6447.04,1
2688,5,22,2,7773.24,1
2689,8,39,4,3377.78,1
2690,2,7,1,1340.23,0
2691,9,41,5,3341.51,1
2692,1,4,4,3040.55,0
2693,7,32,3,5876.36,0
2694,2,10,2,7459.53,1
2695,2,10,3,17148.55,1
2696,5,24,4,1204.12,1
2697,3,15,4,2097.86,1
2698,2,7,5,4335.53,1
2699,4,19,7,4535.56,1
2700,3,15,5,8276.38,0
2701,5,22,1,16208.2,0
2702,6,28,2,1597.7,0
2703,2,10,2,6132.22,1
2704,6,27,2,6204.52,1
2705,9,44,4,24000.14,0
2706,3,14,2,4299.21,0
2707,8,40,2,9472.71,0
2708,4,16,6,5541.53,1
2709,4,19,4,2610.17,1
2710,8,38,4,14867.17,0
2711,9,44,1,7587.25,0
2712,2,6,1,12129.62,0
2713,9,42,2,3797.23,0
2714,9,44,7,7367.13,0
2715,7,31,3,2288.91,1
2716,7,35,4,13826.79,1
2717,3,13,4,2597.97,0
2718,8,37,7,11097.96,1
2719,4,17,6,4111.62,0
2720,8,37,7,8947.88,0
2721,7,33,4,14204.45,1
2722,3,14,3,1433.07,0
2723,3,12,6,1878.16,0
2724,7,34,2,8473.12,0
2725,3,12,6,8527.4,0
2726,2,6,4,4291.53,1
2727,3,15,3,5457.11,1
2728,9,45,3,2593.71,0
2729,3,12,1,4197.53,1
2730,4,18,4,2879.14,0
2731,7,33,4,16663.86,0
2732,1,2,5,3406.04,1
2733,8,38,6,4927.15,0
2734,5,23,4,3592.03,1
2735,8,40,2,6893.42,1
2736,9,45,6,1890.71,1
2737,6,29,6,4084.91,1
2738,9,41,4,10970.39,0
2739,1,4,3,2503.7,0
2740,5,25,4,4814.63,0
2741,1,4,2,1460.66,1
2742,8,37,1,3946.49,1
2743,5,24,2,4022.38,0
2744,3,11,4,8256.62,1
2745,8,40,4,9006.17,0
2746,8,36,4,5790.76,1
2747,1,3,5,8332.88,1
2748,2,6,1,7308.52,1
2749,1,5,4,2645.8,0
2750,3,13,1,4297.6,0
2751,7,34,4,1170.19,1
2752,6,27,2,5875.31,0
2753,7,31,6,2668.6,0
2754,6,27,4,1769.56,1
2755,7,34,4,7543.9,1
2756,1,1,6,7289.32,1
2757,1,2,6,6058.2,1
2758,9,45,1,1219.27,0
2759,7,35,6,2956.11,0
2760,1,4,3,13330.91,0
2761,2,7,3,3619.44,1
2762,3,12,4,14389.34,1
2763,7,35,1,4912.87,0
2764,1,5,5,5743.08,1
2765,4,20,5,6736.3,1
2766,8,39,7,6969.69,0
2767,9,43,5,3263.04,1
2768,7,35,2,3068.53,1
2769,5,22,4,2171.17,0
2770,5,23,1,18263.98,0
2771,8,39,2,3496.43,1
2772,3,15,2,3537.31,1
2773,6,28,2,2538.46,0
2774,7,31,2,5770.73,0
2775,2,7,4,882.64,1
2776,4,20,2,14497.6,0
2777,5,21,3,4244.24,1
2778,2,10,4,15858.99,1
2779,9,43,3,3510.35,1
2780,1,3,2,3830.71,1
2781,9,42,3,4243.08,1
2782,2,9,4,1391.89,1
2783,7,34,2,12633.65,0
2784,6,30,6,3494.07,1
2785,9,44,5,11672.25,1
2786,7,35,1,5264.0,0
2787,3,12,3,3586.32,1
2788,8,37,4,12708.46,0
2789,1,5,4,5348.86,1
2790,4,19,2,7580.82,0
2791,5,25,4,5962.62,0
2792,9,45,7,2753.98,1
2793,9,43,2,10520.14,1
2794,2,8,3,5160.53,1
2795,8,40,6,5491.15,0
2796,5,21,4,4226.38,0
2797,2,9,3,5350.41,1
2798,2,8,3,4135.71,1
2799,7,32,2,4626.39,0
2800,8,40,5,5759.01,0
2801,1,2,5,29292.12,1
2802,6,28,6,3799.5,0
2803,1,5,6,2729.0,1
2804,9,44,1,1216.91,0
2805,7,31,6,14784.51,1
2806,8,39,2,767.15,1
2807,3,15,5,4815.14,0
2808,5,22,4,18621.04,0
2809,4,20,2,3325.68,1
2810,5,25,3,5925.73,0
2811,3,15,2,3982.74,1
2812,2,9,3,23255.51,1
2813,9,45,4,5292.65,0
2814,5,24,1,3614.54,1
2815,9,43,3,8237.75,0
2816,1,5,4,5122.71,0
2817,3,13,3,7108.18,1
2818,1,4,6,4099.68,1
2819,6,28,4,11535.36,1
2820,1,3,3,10708.14,1
2821,5,23,3,6257.13,1
2822,9,45,2,7572.07,0
2823,8,36,4,3970.84,0
2824,4,18,6,5080.94,0
2825,7,34,1,15265.6,0
2826,6,28,6,2229.5,1
2827,6,26,4,4740.35,0
2828,5,23,6,7455.94,0
2829,2,10,5,1571.56,1
2830,5,21,2,26436.51,1
2831,9,42,5,4811.9,1
2832,6,30,4,3593.26,0
2833,3,12,3,6512.26,1
2834,8,37,2,7061.95,0
2835,3,12,3,6561.23,1
2836,9,45,4,3785.92,0
2837,8,40,2,18431.2,1
2838,9,45,4,1810.34,0
2839,9,43,1,2285.88,1
2840,7,34,4,1668.45,0
2841,3,12,2,5900.08,1
2842,6,28,4,1730.23,0
2843,7,32,5,1105.14,1
2844,6,28,6,5774.79,0
2845,9,45,4,12891.35,0
2846,8,36,2,2457.32,0
2847,2,10,5,1491.28,0
2848,3,13,1,1171.41,1
2849,2,8,4,18979.36,1
2850,9,44,3,2272.39,0
2851,9,41,4,4621.55,1
2852,2,10,5,11775.05,0
2853,2,8,6,8421.49,1
2854,4,17,4,2165.43,1
2855,2,10,1,1802.22,0
2856,9,41,4,7194.08,0
2857,4,19,6,2002.38,1
2858,1,2,2,5682.37,1
2859,5,22,1,15325.85,1
2860,5,21,2,7852.09,0
2861,5,23,4,4793.92,1
2862,7,33,6,4239.58,0
2863,8,37,5,8022.26,1
2864,4,18,4,5088.62,1
2865,6,29,4,42089.67,0
2866,3,12,1,3182.75,1
2867,9,42,7,3344.45,1
2868,7,34,1,1294.51,0
2869,5,22,1,3987.84,1
2870,1,5,3,3179.43,0
2871,9,41,5,3053.18,0
2872,7,32,4,5748.23,0
2873,7,32,3,9189.84,1
2874,3,14,2,6936.08,0
2875,1,2,5,2503.58,1
2876,7,33,7,7370.07,1
2877,7,33,4,2396.34,0
2878,8,39,2,2815.07,1
2879,2,7,2,3879.7,1
2880,4,16,4,3600.77,0
2881,5,25,3,3387.24,1
2882,9,41,6,3074.18,0
2883,6,26,2,5072.6,0
2884,3,11,1,9355.4,1
2885,8,38,2,1777.54,0
2886,1,5,4,3359.22,1
2887,7,32,3,13037.45,0
2888,8,37,1,3211.41,1
2889,9,45,3,6105.09,1
2890,3,13,4,3939.67,0
2891,7,35,5,6100.63,1
2892,8,37,4,6579.17,1
2893,5,23,2,3228.09,1
2894,4,19,2,7611.49,1
2895,1,1,5,4316.29,1
2896,9,42,4,4544.91,0
2897,6,29,3,16154.67,0
2898,3,13,2,2320.68,1
2899,3,12,4,11143.76,1
2900,6,29,5,1307.37,1
2901,9,43,4,24958.62,0
2902,6,26,4,10570.63,0
2903,4,19,2,4519.35,0
2904,5,21,1,3213.12,0
2905,8,40,7,5992.43,0
2906,8,38,3,3671.47,0
2907,6,27,4,12221.15,1
2908,6,27,4,3184.0,1
2909,5,21,3,5778.07,1
2910,8,39,3,2762.31,1
2911,9,45,2,10693.85,0
2912,7,34,4,4858.31,1
2913,3,14,3,5480.48,1
2914,7,32,1,8286.86,1
2915,8,38,3,1701.15,0
2916,3,12,5,6677.38,0
2917,2,10,2,5129.48,0
2918,3,11,3,2342.83,1
2919,3,13,4,2373.33,1
2920,9,43,2,3014.14,1
2921,8,39,6,2586.56,1
2922,3,15,3,1779.26,0
2923,5,24,5,2452.5,1
2924,2,7,3,7033.22,1
2925,8,39,4,3648.08,0
2926,5,25,5,6326.04,0
2927,5,25,3,3165.84,1
2928,2,10,1,10425.82,0
2929,4,19,4,3946.0,0
2930,7,32,2,4797.65,0
2931,6,27,2,7152.96,1
2932,2,9,5,7416.39,1
2933,3,15,3,10832.29,0
2934,3,12,2,8527.5,1
2935,2,8,1,10376.31,1
2936,3,14,3,2556.84,0
2937,5,25,5,16402.61,0
2938,4,16,7,2225.17,0
2939,5,25,6,13338.42,1
2940,5,22,3,1852.4,0
2941,9,45,3,3486.38,0
2942,3,14,2,2631.97,0
2943,9,42,2,4821.81,0
2944,9,44,4,8689.16,0
2945,2,9,1,7341.31,1
2946,6,26,2,6726.6,0
2947,4,20,3,9969.55,1
2948,4,18,1,4403.33,0
2949,5,25,1,2618.54,1
2950,1,5,3,8126.79,1
2951,2,7,4,7903.27,1
2952,2,6,1,6137.02,0
2953,2,7,6,12868.44,1
2954,6,27,1,660.12,1
2955,4,20,2,3801.52,1
2956,3,15,4,2337.7,1
2957,7,34,5,9490.44,0
2958,3,14,1,3728.57,0
2959,7,35,3,24890.33,1
2960,8,36,3,5370.44,0
2961,7,33,5,10859.44,0
2962,3,15,3,11340.2,1
2963,9,43,5,3821.61,0
2964,4,19,2,3326.28,1
2965,5,22,4,5899.23,1
2966,3,14,5,4080.38,1
2967,3,13,2,1715.04,0
2968,2,8,4,3670.26,1
2969,9,41,3,10661.88,0
2970,2,9,4,10672.99,1
2971,7,32,6,8266.21,1
2972,2,10,6,10442.17,1
2973,6,30,4,8505.47,0
2974,8,36,5,2533.03,0
2975,3,11,4,1774.55,1
2976,4,17,2,5850.34,0
2977,2,10,5,4715.95,1
2978,7,33,2,13598.48,1
2979,7,32,4,6115.77,1
2980,3,15,4,3608.78,0
2981,6,28,3,16539.56,1
2982,3,15,1,5400.57,1
2983,5,24,7,5674.84,1
2984,4,20,5,5734.81,1
2985,6,29,5,2273.69,0
2986,5,23,3,1685.58,0
2987,7,34,3,10508.08,0
2988,3,12,1,7749.12,0
2989,7,35,4,3313.04,0
2990,3,12,5,10901.83,0
2991,8,38,6,2962.69,1
2992,5,24,6,7204.59,0
2993,1,2,3,16275.72,0
2994,7,32,6,4078.1,0
2995,3,13,7,1653.48,1
2996,5,23,4,6829.48,1
2997,8,39,2,2710.45,0
2998,2,9,1,1688.33,1
2999,9,41,5,4441.56,1
3000,5,24,3,6504.32,1
